game_id,team,opponent,team_avg_height,opp_avg_height,lineup,minutes_played,period,points,opp_points,rebounds,opp_rebounds,assists,opp_assists,turnovers,opp_turnovers,fouls_committed,fouls_drawn,possessions,opp_possessions,fastbreak,from_turnover,second_chance,points_in_paint,opp_from_turnover,opp_fastbreak,opp_second_chance,opp_points_in_paint,unscaled_pace,game_number
22500023,CHI,NYK,78.0,78.4,"('Jalen Smith', 'Josh Giddey', 'Matas Buzelis', 'Patrick Williams', 'Tre Jones')",0.4333333333333333,4,2,2,0,0,0,0,0,1,1,0,1.0,1.88,0.0,0.0,0.0,2.0,0.0,0.0,0.0,0.0,2.88,1
22500023,CHI,NYK,77.0,78.4,"('Ayo Dosunmu', 'Jalen Smith', 'Kevin Huerter', 'Patrick Williams', 'Tre Jones')",0.4499999999999999,4,0,2,0,1,0,0,0,0,0,1,0.0,1.0,0.0,0.0,0.0,0.0,0.0,0.0,2.0,2.0,1.0,1
22500023,CHI,NYK,77.4,77.8,"('Ayo Dosunmu', 'Josh Giddey', 'Kevin Huerter', 'Nikola Vučević', 'Tre Jones')",0.9516666666666664,4,7,5,2,1,1,0,1,0,1,3,4.2,4.44,0.0,0.0,0.0,2.0,0.0,0.0,0.0,4.0,8.64,1
22500023,CHI,NYK,77.0,77.4,"('Ayo Dosunmu', 'Isaac Okoro', 'Jalen Smith', 'Matas Buzelis', 'Tre Jones')",0.4666666666666666,4,1,3,1,0,0,1,0,0,0,1,0.44,1.0,0.0,0.0,0.0,0.0,0.0,0.0,0.0,0.0,1.44,1
22500023,CHI,NYK,78.2,77.8,"('Josh Giddey', 'Kevin Huerter', 'Matas Buzelis', 'Nikola Vučević', 'Tre Jones')",2.7616666666666667,4,8,4,4,0,3,1,0,0,1,2,6.88,7.0,0.0,0.0,0.0,6.0,0.0,0.0,2.0,4.0,13.88,1
22500023,CHI,NYK,79.0,78.4,"('Jalen Smith', 'Josh Giddey', 'Julian Phillips', 'Kevin Huerter', 'Matas Buzelis')",1.5833333333333337,2,6,8,0,0,1,3,0,0,0,0,3.0,3.0,0.0,0.0,0.0,0.0,0.0,0.0,0.0,0.0,6.0,1
22500023,CHI,NYK,77.6,77.6,"('Ayo Dosunmu', 'Kevin Huerter', 'Matas Buzelis', 'Nikola Vučević', 'Tre Jones')",0.0,2,0,0,0,0,0,0,0,0,0,0,0.0,0.0,0.0,0.0,0.0,0.0,0.0,0.0,0.0,0.0,0.0,1
22500023,CHI,NYK,78.4,77.0,"('Ayo Dosunmu', 'Isaac Okoro', 'Josh Giddey', 'Matas Buzelis', 'Nikola Vučević')",1.4083333333333332,2,6,5,1,1,1,1,0,1,0,0,3.0,4.0,3.0,3.0,0.0,0.0,2.0,0.0,0.0,2.0,7.0,1
22500023,CHI,NYK,78.2,78.4,"('Ayo Dosunmu', 'Jalen Smith', 'Josh Giddey', 'Julian Phillips', 'Patrick Williams')",2.7,2,6,2,3,3,2,0,0,1,0,1,6.0,4.0,0.0,3.0,3.0,0.0,0.0,0.0,0.0,2.0,10.0,1
22500023,CHI,NYK,77.6,78.4,"('Ayo Dosunmu', 'Matas Buzelis', 'Nikola Vučević', 'Patrick Williams', 'Tre Jones')",1.85,2,7,2,1,3,3,0,0,2,2,1,5.0,4.0,0.0,5.0,0.0,4.0,0.0,0.0,2.0,2.0,9.0,1
22500023,CHI,NYK,77.8,78.4,"('Isaac Okoro', 'Josh Giddey', 'Matas Buzelis', 'Nikola Vučević', 'Tre Jones')",3.8333333333333326,3,6,14,1,5,2,4,1,0,3,1,8.0,7.44,0.0,0.0,0.0,0.0,3.0,2.0,2.0,8.0,15.44,1
22500023,CHI,NYK,77.2,78.4,"('Ayo Dosunmu', 'Isaac Okoro', 'Matas Buzelis', 'Nikola Vučević', 'Tre Jones')",1.7833333333333334,3,3,6,3,2,1,0,0,0,2,0,3.0,3.76,0.0,0.0,0.0,0.0,0.0,0.0,0.0,0.0,6.76,1
22500023,CHI,NYK,77.2,77.4,"('Ayo Dosunmu', 'Kevin Huerter', 'Nikola Vučević', 'Patrick Williams', 'Tre Jones')",0.45,4,3,3,0,0,0,1,0,1,0,1,1.32,2.0,0.0,0.0,0.0,0.0,0.0,0.0,0.0,0.0,3.3200000000000003,1
22500023,CHI,NYK,77.6,78.4,"('Isaac Okoro', 'Jalen Smith', 'Josh Giddey', 'Matas Buzelis', 'Tre Jones')",2.583333333333333,4,7,6,3,2,1,1,0,0,1,1,5.88,4.44,0.0,0.0,0.0,2.0,0.0,0.0,0.0,0.0,10.32,1
22500023,CHI,NYK,77.4,78.4,"('Ayo Dosunmu', 'Jalen Smith', 'Matas Buzelis', 'Patrick Williams', 'Tre Jones')",0.5333333333333333,4,0,0,0,0,0,0,0,0,0,1,1.0,0.0,0.0,0.0,0.0,0.0,0.0,0.0,0.0,0.0,1.0,1
22500023,CHI,NYK,78.4,77.8,"('Ayo Dosunmu', 'Josh Giddey', 'Kevin Huerter', 'Nikola Vučević', 'Patrick Williams')",2.9833333333333325,4,7,9,3,2,3,3,1,0,1,0,6.0,5.0,0.0,0.0,3.0,4.0,0.0,0.0,0.0,0.0,11.0,1
22500023,CHI,NYK,78.2,78.4,"('Ayo Dosunmu', 'Jalen Smith', 'Josh Giddey', 'Kevin Huerter', 'Patrick Williams')",4.433333333333334,3,15,12,2,4,2,1,1,1,4,1,8.879999999999999,10.2,0.0,2.0,0.0,10.0,2.0,0.0,4.0,4.0,19.08,1
22500023,CHI,NYK,78.4,77.2,"('Ayo Dosunmu', 'Josh Giddey', 'Kevin Huerter', 'Nikola Vučević', 'Patrick Williams')",1.9166666666666663,3,4,6,1,2,1,2,1,1,1,2,4.44,4.44,0.0,3.0,0.0,0.0,0.0,0.0,0.0,2.0,8.88,1
22500023,CHI,NYK,78.8,78.4,"('Isaac Okoro', 'Josh Giddey', 'Kevin Huerter', 'Matas Buzelis', 'Nikola Vučević')",2.1333333333333333,1,8,2,4,2,2,0,0,1,0,1,5.44,6.0,2.0,2.0,0.0,4.0,0.0,0.0,0.0,0.0,11.44,1
22500023,CHI,NYK,79.2,76.2,"('Josh Giddey', 'Kevin Huerter', 'Matas Buzelis', 'Nikola Vučević', 'Patrick Williams')",1.4333333333333331,1,1,4,1,3,0,1,0,0,1,0,2.44,3.44,0.0,0.0,0.0,0.0,0.0,0.0,0.0,0.0,5.88,1
22500023,CHI,NYK,78.4,76.2,"('Ayo Dosunmu', 'Josh Giddey', 'Kevin Huerter', 'Nikola Vučević', 'Patrick Williams')",1.0833333333333333,1,3,0,2,1,1,0,0,0,0,1,2.44,2.0,2.0,0.0,0.0,2.0,0.0,0.0,0.0,0.0,4.44,1
22500023,CHI,NYK,78.8,79.8,"('Ayo Dosunmu', 'Josh Giddey', 'Matas Buzelis', 'Nikola Vučević', 'Patrick Williams')",0.9333333333333332,2,3,4,0,0,1,1,1,0,1,0,2.0,2.0,0.0,0.0,0.0,0.0,0.0,0.0,0.0,0.0,4.0,1
22500023,CHI,NYK,78.6,78.4,"('Ayo Dosunmu', 'Jalen Smith', 'Josh Giddey', 'Kevin Huerter', 'Matas Buzelis')",0.45,2,1,0,0,0,0,0,0,1,0,1,0.44,1.0,0.0,0.0,0.0,0.0,0.0,0.0,0.0,0.0,1.44,1
22500023,CHI,NYK,78.8,77.6,"('Ayo Dosunmu', 'Josh Giddey', 'Kevin Huerter', 'Matas Buzelis', 'Nikola Vučević')",2.65,2,8,5,2,1,3,0,0,1,1,2,5.88,5.0,0.0,0.0,0.0,6.0,0.0,0.0,0.0,2.0,10.88,1
22500023,CHI,NYK,77.0,77.2,"('Ayo Dosunmu', 'Jalen Smith', 'Julian Phillips', 'Patrick Williams', 'Tre Jones')",1.5666666666666669,1,9,2,3,1,1,0,0,0,0,2,4.88,5.0,0.0,0.0,0.0,4.0,0.0,0.0,0.0,0.0,9.88,1
22500023,CHI,NYK,77.0,77.6,"('Ayo Dosunmu', 'Jalen Smith', 'Kevin Huerter', 'Patrick Williams', 'Tre Jones')",1.8833333333333333,1,7,5,2,0,1,2,0,0,1,1,4.32,4.0,0.0,0.0,0.0,4.0,0.0,0.0,0.0,2.0,8.32,1
22500023,CHI,NYK,77.8,78.4,"('Isaac Okoro', 'Josh Giddey', 'Matas Buzelis', 'Nikola Vučević', 'Tre Jones')",3.866666666666667,1,7,14,2,5,1,5,1,1,1,1,8.440000000000001,8.44,0.0,0.0,0.0,4.0,0.0,2.0,3.0,4.0,16.880000000000003,1
22500035,CHI,MIL,79.2,77.4,"('Josh Giddey', 'Kevin Huerter', 'Matas Buzelis', 'Nikola Vučević', 'Patrick Williams')",3.216666666666667,3,9,7,4,4,4,1,0,0,0,2,8.0,8.44,2.0,0.0,0.0,6.0,0.0,2.0,2.0,6.0,16.439999999999998,2
22500035,CHI,MIL,77.8,78.8,"('Isaac Okoro', 'Josh Giddey', 'Matas Buzelis', 'Nikola Vučević', 'Tre Jones')",3.966666666666667,3,7,8,7,5,2,2,1,1,0,1,9.44,9.0,2.0,2.0,2.0,4.0,0.0,3.0,0.0,2.0,18.44,2
22500035,CHI,MIL,77.4,78.8,"('Ayo Dosunmu', 'Jalen Smith', 'Matas Buzelis', 'Patrick Williams', 'Tre Jones')",2.628333333333333,3,9,6,2,3,1,2,0,1,0,3,6.640000000000001,6.0,0.0,3.0,0.0,0.0,0.0,0.0,0.0,6.0,12.64,2
22500035,CHI,MIL,78.4,78.8,"('Isaac Okoro', 'Josh Giddey', 'Kevin Huerter', 'Nikola Vučević', 'Patrick Williams')",1.65,3,2,9,1,2,1,2,1,0,3,0,3.0,5.0,2.0,0.0,0.0,2.0,4.0,2.0,2.0,6.0,8.0,2
22500035,CHI,MIL,78.6,78.8,"('Ayo Dosunmu', 'Jalen Smith', 'Josh Giddey', 'Matas Buzelis', 'Patrick Williams')",0.5166666666666666,3,1,2,0,0,0,0,0,0,0,1,0.44,1.0,0.0,0.0,0.0,0.0,0.0,0.0,0.0,2.0,1.44,2
22500035,CHI,MIL,79.2,79.4,"('Dalen Terry', 'Josh Giddey', 'Matas Buzelis', 'Nikola Vučević', 'Patrick Williams')",2.333333333333333,4,4,9,2,2,2,2,1,0,0,0,5.0,5.44,0.0,0.0,0.0,4.0,2.0,0.0,0.0,2.0,10.44,2
22500035,CHI,MIL,77.0,78.8,"('Ayo Dosunmu', 'Isaac Okoro', 'Jalen Smith', 'Matas Buzelis', 'Tre Jones')",2.8666666666666663,4,10,10,2,2,4,2,0,0,3,0,6.0,6.32,2.0,0.0,2.0,10.0,0.0,0.0,2.0,4.0,12.32,2
22500035,CHI,MIL,78.4,78.2,"('Ayo Dosunmu', 'Josh Giddey', 'Kevin Huerter', 'Nikola Vučević', 'Patrick Williams')",0.5666666666666667,1,3,0,0,0,1,0,0,0,1,0,1.0,0.0,0.0,0.0,0.0,0.0,0.0,0.0,0.0,0.0,1.0,2
22500035,CHI,MIL,78.2,79.4,"('Josh Giddey', 'Kevin Huerter', 'Matas Buzelis', 'Nikola Vučević', 'Tre Jones')",3.9700000000000006,4,11,15,3,4,2,3,1,1,2,3,10.44,10.2,2.0,0.0,2.0,10.0,0.0,0.0,2.0,4.0,20.64,2
22500035,CHI,MIL,77.0,79.4,"('Ayo Dosunmu', 'Isaac Okoro', 'Josh Giddey', 'Nikola Vučević', 'Tre Jones')",1.2333333333333334,4,0,4,1,2,0,1,1,0,1,0,3.0,3.0,0.0,0.0,0.0,0.0,2.0,0.0,0.0,4.0,6.0,2
22500035,CHI,MIL,77.8,78.8,"('Ayo Dosunmu', 'Isaac Okoro', 'Jalen Smith', 'Josh Giddey', 'Patrick Williams')",1.5666666666666669,4,5,3,1,2,1,0,1,0,2,0,3.0,3.44,0.0,0.0,0.0,2.0,0.0,0.0,0.0,2.0,6.44,2
22500035,CHI,MIL,78.6,79.4,"('Ayo Dosunmu', 'Jalen Smith', 'Josh Giddey', 'Matas Buzelis', 'Patrick Williams')",2.733333333333334,2,8,4,4,2,2,1,1,0,1,0,6.44,6.0,0.0,0.0,0.0,4.0,2.0,2.0,0.0,4.0,12.44,2
22500035,CHI,MIL,78.8,78.6,"('Dalen Terry', 'Josh Giddey', 'Julian Phillips', 'Kevin Huerter', 'Nikola Vučević')",0.7666666666666667,2,3,2,1,1,1,0,0,0,0,0,2.0,2.0,3.0,0.0,0.0,0.0,0.0,0.0,0.0,0.0,4.0,2
22500035,CHI,MIL,77.2,78.8,"('Ayo Dosunmu', 'Julian Phillips', 'Kevin Huerter', 'Nikola Vučević', 'Tre Jones')",0.7999999999999999,2,1,2,0,1,0,0,2,1,0,1,2.44,2.0,0.0,0.0,0.0,0.0,2.0,2.0,2.0,2.0,4.44,2
22500035,CHI,MIL,76.6,79.4,"('Ayo Dosunmu', 'Isaac Okoro', 'Jalen Smith', 'Kevin Huerter', 'Tre Jones')",0.3333333333333333,2,0,0,0,1,0,0,0,0,1,0,0.0,0.0,0.0,0.0,0.0,0.0,0.0,0.0,0.0,0.0,0.0,2
22500035,CHI,MIL,77.6,78.8,"('Ayo Dosunmu', 'Kevin Huerter', 'Matas Buzelis', 'Nikola Vučević', 'Tre Jones')",1.5333333333333334,2,3,7,0,4,1,1,0,0,1,0,3.44,3.0,0.0,0.0,0.0,2.0,0.0,0.0,4.0,4.0,6.44,2
22500035,CHI,MIL,79.2,79.0,"('Dalen Terry', 'Josh Giddey', 'Julian Phillips', 'Matas Buzelis', 'Nikola Vučević')",1.2,2,3,5,1,1,1,2,0,0,0,0,2.0,3.0,0.0,0.0,0.0,0.0,0.0,0.0,0.0,2.0,5.0,2
22500035,CHI,MIL,79.2,78.2,"('Josh Giddey', 'Kevin Huerter', 'Matas Buzelis', 'Nikola Vučević', 'Patrick Williams')",3.083333333333334,1,7,7,4,2,2,1,3,1,1,1,8.0,7.88,0.0,0.0,2.0,2.0,0.0,0.0,0.0,2.0,15.88,2
22500035,CHI,MIL,77.0,78.2,"('Ayo Dosunmu', 'Jalen Smith', 'Kevin Huerter', 'Patrick Williams', 'Tre Jones')",1.4666666666666668,1,3,5,2,1,1,2,1,0,0,0,3.0,3.0,0.0,0.0,3.0,0.0,0.0,2.0,0.0,2.0,6.0,2
22500035,CHI,MIL,78.2,78.8,"('Josh Giddey', 'Matas Buzelis', 'Nikola Vučević', 'Patrick Williams', 'Tre Jones')",1.95,1,4,3,4,2,1,1,0,1,0,1,3.0,4.0,0.0,0.0,0.0,2.0,0.0,0.0,0.0,0.0,7.0,2
22500035,CHI,MIL,76.6,79.4,"('Ayo Dosunmu', 'Isaac Okoro', 'Jalen Smith', 'Kevin Huerter', 'Tre Jones')",2.92,1,4,7,1,4,2,2,0,2,0,1,4.0,6.0,2.0,2.0,0.0,4.0,0.0,0.0,2.0,4.0,10.0,2
22500035,CHI,MIL,77.8,78.8,"('Isaac Okoro', 'Josh Giddey', 'Matas Buzelis', 'Nikola Vučević', 'Tre Jones')",1.983333333333333,1,4,1,1,2,2,0,0,1,2,1,4.0,4.44,2.0,2.0,0.0,4.0,0.0,0.0,0.0,0.0,8.44,2
22500035,CHI,MIL,77.4,78.8,"('Isaac Okoro', 'Josh Giddey', 'Nikola Vučević', 'Patrick Williams', 'Tre Jones')",0.0,3,0,0,0,0,0,0,0,0,0,0,0.0,0.0,0.0,0.0,0.0,0.0,0.0,0.0,0.0,0.0,0.0,2
22500035,CHI,MIL,79.0,78.8,"('Dalen Terry', 'Jalen Smith', 'Josh Giddey', 'Julian Phillips', 'Matas Buzelis')",0.9,2,2,5,0,1,1,1,0,0,0,0,2.0,2.0,0.0,0.0,0.0,2.0,0.0,0.0,0.0,2.0,4.0,2
22500035,CHI,MIL,78.2,78.4,"('Josh Giddey', 'Kevin Huerter', 'Matas Buzelis', 'Nikola Vučević', 'Tre Jones')",1.968333333333334,2,5,0,3,3,2,0,1,1,1,0,5.0,5.0,2.0,0.0,0.0,2.0,0.0,0.0,0.0,0.0,10.0,2
22500035,CHI,MIL,77.0,79.4,"('Ayo Dosunmu', 'Jalen Smith', 'Kevin Huerter', 'Patrick Williams', 'Tre Jones')",0.8,2,0,3,1,1,0,1,0,0,0,1,2.0,2.0,0.0,0.0,0.0,0.0,0.0,0.0,3.0,0.0,4.0,2
22500035,CHI,MIL,78.2,79.0,"('Josh Giddey', 'Matas Buzelis', 'Nikola Vučević', 'Patrick Williams', 'Tre Jones')",0.825,2,2,2,0,1,0,0,0,1,0,0,2.0,2.0,0.0,2.0,0.0,2.0,2.0,0.0,0.0,0.0,4.0,2
22500084,CHI,DET,77.2,79.4,"('Ayo Dosunmu', 'Kevin Huerter', 'Nikola Vučević', 'Patrick Williams', 'Tre Jones')",0.0,1,0,0,0,0,0,0,0,0,0,0,0.0,0.0,0.0,0.0,0.0,0.0,0.0,0.0,0.0,0.0,0.0,3
22500084,CHI,DET,78.4,79.4,"('Ayo Dosunmu', 'Josh Giddey', 'Kevin Huerter', 'Nikola Vučević', 'Patrick Williams')",1.4,1,5,2,2,2,2,1,0,0,0,0,3.0,3.0,0.0,0.0,0.0,2.0,0.0,0.0,0.0,2.0,6.0,3
22500084,CHI,DET,77.8,79.2,"('Isaac Okoro', 'Josh Giddey', 'Matas Buzelis', 'Nikola Vučević', 'Tre Jones')",3.849999999999999,1,9,8,4,2,3,3,1,1,0,4,7.32,7.0,0.0,2.0,0.0,6.0,4.0,2.0,0.0,8.0,14.32,3
22500084,CHI,DET,78.8,79.2,"('Isaac Okoro', 'Josh Giddey', 'Kevin Huerter', 'Matas Buzelis', 'Nikola Vučević')",2.333333333333333,1,6,4,3,1,2,1,0,0,1,1,4.44,4.0,0.0,0.0,3.0,0.0,0.0,0.0,0.0,4.0,8.44,3
22500084,CHI,DET,77.0,79.2,"('Ayo Dosunmu', 'Jalen Smith', 'Kevin Huerter', 'Patrick Williams', 'Tre Jones')",3.35,1,8,5,6,2,1,1,2,2,1,2,8.88,7.88,2.0,4.0,2.0,6.0,0.0,0.0,0.0,0.0,16.76,3
22500084,CHI,DET,77.6,79.6,"('Ayo Dosunmu', 'Kevin Huerter', 'Matas Buzelis', 'Nikola Vučević', 'Tre Jones')",1.8666666666666665,2,3,8,1,3,0,2,0,1,1,1,5.44,6.32,0.0,0.0,0.0,2.0,0.0,0.0,0.0,2.0,11.760000000000002,3
22500084,CHI,DET,77.8,79.6,"('Ayo Dosunmu', 'Josh Giddey', 'Matas Buzelis', 'Nikola Vučević', 'Tre Jones')",2.033333333333333,2,5,7,3,1,1,1,1,0,2,2,4.32,5.44,0.0,0.0,2.0,2.0,0.0,0.0,0.0,6.0,9.760000000000002,3
22500084,CHI,DET,77.4,79.6,"('Ayo Dosunmu', 'Jalen Smith', 'Matas Buzelis', 'Patrick Williams', 'Tre Jones')",1.9166666666666667,2,5,4,1,0,2,2,1,1,1,1,3.0,4.0,0.0,3.0,0.0,2.0,2.0,0.0,0.0,2.0,7.0,3
22500084,CHI,DET,77.2,79.6,"('Ayo Dosunmu', 'Kevin Huerter', 'Nikola Vučević', 'Patrick Williams', 'Tre Jones')",1.1766666666666663,2,2,2,1,1,0,1,1,0,0,1,2.88,2.0,0.0,0.0,0.0,0.0,0.0,0.0,0.0,2.0,4.88,3
22500084,CHI,DET,78.0,79.2,"('Ayo Dosunmu', 'Isaac Okoro', 'Josh Giddey', 'Kevin Huerter', 'Nikola Vučević')",1.0,1,7,0,2,0,2,0,0,0,0,0,2.44,2.0,0.0,0.0,0.0,0.0,0.0,0.0,0.0,0.0,4.44,3
22500084,CHI,DET,78.2,79.6,"('Ayo Dosunmu', 'Jalen Smith', 'Josh Giddey', 'Kevin Huerter', 'Patrick Williams')",0.55,3,1,5,0,1,0,1,0,0,0,0,1.44,2.0,0.0,0.0,0.0,0.0,0.0,2.0,0.0,2.0,3.44,3
22500084,CHI,DET,77.4,79.0,"('Ayo Dosunmu', 'Dalen Terry', 'Jalen Smith', 'Matas Buzelis', 'Tre Jones')",1.3949999999999998,3,2,7,0,2,0,2,0,0,2,0,3.0,4.32,0.0,0.0,0.0,2.0,0.0,0.0,0.0,4.0,7.32,3
22500084,CHI,DET,78.4,79.6,"('Ayo Dosunmu', 'Josh Giddey', 'Kevin Huerter', 'Nikola Vučević', 'Patrick Williams')",1.666666666666667,3,5,4,2,1,0,2,1,0,1,2,4.32,4.0,2.0,0.0,0.0,2.0,2.0,0.0,0.0,4.0,8.32,3
22500084,CHI,DET,78.8,79.8,"('Isaac Okoro', 'Josh Giddey', 'Matas Buzelis', 'Nikola Vučević', 'Patrick Williams')",0.0,3,0,0,0,0,0,0,0,0,0,0,0.0,0.0,0.0,0.0,0.0,0.0,0.0,0.0,0.0,0.0,0.0,3
22500084,CHI,DET,77.0,79.6,"('Ayo Dosunmu', 'Jalen Smith', 'Kevin Huerter', 'Patrick Williams', 'Tre Jones')",2.3000000000000003,3,9,2,2,3,2,1,0,1,1,1,5.44,4.0,0.0,0.0,0.0,2.0,0.0,0.0,0.0,2.0,9.44,3
22500084,CHI,DET,76.6,78.6,"('Ayo Dosunmu', 'Isaac Okoro', 'Matas Buzelis', 'Patrick Williams', 'Tre Jones')",1.3333333333333333,4,3,4,2,4,1,1,0,0,1,2,2.44,3.44,0.0,0.0,2.0,2.0,0.0,0.0,0.0,0.0,5.88,3
22500084,CHI,DET,78.0,79.6,"('Ayo Dosunmu', 'Isaac Okoro', 'Josh Giddey', 'Kevin Huerter', 'Nikola Vučević')",0.8333333333333335,2,4,3,1,0,1,1,0,0,0,0,2.0,2.0,0.0,2.0,0.0,4.0,0.0,0.0,0.0,0.0,4.0,3
22500084,CHI,DET,76.8,79.2,"('Ayo Dosunmu', 'Isaac Okoro', 'Kevin Huerter', 'Nikola Vučević', 'Tre Jones')",0.3333333333333333,2,3,1,0,0,1,0,0,0,1,0,1.0,0.44,0.0,0.0,0.0,0.0,0.0,0.0,0.0,0.0,1.44,3
22500084,CHI,DET,78.6,79.6,"('Ayo Dosunmu', 'Jalen Smith', 'Josh Giddey', 'Matas Buzelis', 'Patrick Williams')",0.8,2,0,2,1,1,0,1,1,0,0,1,2.0,2.0,0.0,0.0,0.0,0.0,2.0,2.0,0.0,2.0,4.0,3
22500084,CHI,DET,78.6,79.4,"('Isaac Okoro', 'Jalen Smith', 'Josh Giddey', 'Kevin Huerter', 'Matas Buzelis')",1.3833333333333335,2,4,1,2,0,1,0,1,1,3,1,4.0,3.44,0.0,0.0,0.0,2.0,0.0,0.0,0.0,0.0,7.439999999999999,3
22500084,CHI,DET,78.8,79.6,"('Isaac Okoro', 'Josh Giddey', 'Kevin Huerter', 'Matas Buzelis', 'Nikola Vučević')",1.1333333333333333,2,3,2,3,2,1,1,0,1,0,0,3.0,4.0,0.0,0.0,0.0,0.0,0.0,0.0,0.0,2.0,7.0,3
22500084,CHI,DET,78.0,79.0,"('Ayo Dosunmu', 'Dalen Terry', 'Kevin Huerter', 'Matas Buzelis', 'Patrick Williams')",0.4499999999999999,4,0,1,1,1,0,0,1,0,0,0,2.0,1.44,0.0,0.0,0.0,0.0,0.0,0.0,0.0,0.0,3.44,3
22500084,CHI,DET,77.8,79.6,"('Isaac Okoro', 'Josh Giddey', 'Matas Buzelis', 'Nikola Vučević', 'Tre Jones')",3.645,4,10,11,3,4,3,2,1,0,0,3,9.76,9.0,0.0,0.0,0.0,6.0,0.0,5.0,0.0,8.0,18.76,3
22500084,CHI,DET,78.6,79.0,"('Ayo Dosunmu', 'Dalen Terry', 'Kevin Huerter', 'Matas Buzelis', 'Nikola Vučević')",1.25,4,0,2,2,3,0,0,0,0,2,0,1.0,3.0,0.0,0.0,0.0,0.0,2.0,0.0,0.0,2.0,4.0,3
22500084,CHI,DET,78.0,79.8,"('Dalen Terry', 'Kevin Huerter', 'Matas Buzelis', 'Nikola Vučević', 'Tre Jones')",2.183333333333334,4,6,5,2,2,1,0,0,0,0,1,5.0,4.44,0.0,0.0,0.0,6.0,0.0,0.0,0.0,4.0,9.44,3
22500084,CHI,DET,77.4,79.4,"('Isaac Okoro', 'Josh Giddey', 'Kevin Huerter', 'Nikola Vučević', 'Tre Jones')",1.4833333333333336,4,2,5,0,1,1,1,0,1,0,1,2.0,3.0,0.0,2.0,0.0,0.0,0.0,0.0,0.0,2.0,5.0,3
22500084,CHI,DET,78.6,79.8,"('Ayo Dosunmu', 'Kevin Huerter', 'Matas Buzelis', 'Nikola Vučević', 'Patrick Williams')",0.9666666666666666,3,0,2,0,0,0,1,2,1,0,2,3.0,3.0,0.0,0.0,0.0,0.0,2.0,2.0,0.0,2.0,6.0,3
22500084,CHI,DET,77.8,79.8,"('Isaac Okoro', 'Josh Giddey', 'Matas Buzelis', 'Nikola Vučević', 'Tre Jones')",3.9,3,13,6,5,3,4,3,2,0,2,3,9.32,9.0,2.0,0.0,3.0,4.0,2.0,2.0,0.0,6.0,18.32,3
22500084,CHI,DET,79.2,79.8,"('Josh Giddey', 'Kevin Huerter', 'Matas Buzelis', 'Nikola Vučević', 'Patrick Williams')",0.9666666666666666,3,0,4,0,3,0,0,1,0,2,0,3.0,1.88,0.0,0.0,0.0,0.0,0.0,0.0,2.0,2.0,4.88,3
22500084,CHI,DET,77.6,78.6,"('Ayo Dosunmu', 'Isaac Okoro', 'Kevin Huerter', 'Matas Buzelis', 'Patrick Williams')",0.0,4,0,0,0,0,0,0,0,0,0,0,0.0,0.0,0.0,0.0,0.0,0.0,0.0,0.0,0.0,0.0,0.0,3
22500084,CHI,DET,77.0,78.6,"('Ayo Dosunmu', 'Isaac Okoro', 'Jalen Smith', 'Matas Buzelis', 'Tre Jones')",0.6,4,0,1,0,1,0,0,0,0,1,0,1.0,1.44,0.0,0.0,0.0,0.0,0.0,0.0,0.0,0.0,2.44,3
22500084,CHI,DET,78.6,78.6,"('Ayo Dosunmu', 'Dalen Terry', 'Jalen Smith', 'Josh Giddey', 'Matas Buzelis')",1.0500000000000005,4,0,3,1,2,0,0,1,0,1,0,3.0,2.44,0.0,0.0,0.0,0.0,0.0,0.0,0.0,0.0,5.44,3
22500100,CHI,ORL,78.8,80.6,"('Isaac Okoro', 'Josh Giddey', 'Kevin Huerter', 'Matas Buzelis', 'Nikola Vučević')",1.5666666666666669,1,1,4,3,4,0,1,0,0,0,1,4.44,5.0,0.0,0.0,0.0,0.0,0.0,2.0,0.0,4.0,9.44,4
22500100,CHI,ORL,76.6,80.8,"('Ayo Dosunmu', 'Isaac Okoro', 'Jalen Smith', 'Julian Phillips', 'Tre Jones')",1.245,1,4,4,1,2,0,1,0,1,0,1,4.0,3.0,0.0,0.0,0.0,4.0,0.0,0.0,0.0,4.0,7.0,4
22500100,CHI,ORL,77.0,80.8,"('Ayo Dosunmu', 'Jalen Smith', 'Julian Phillips', 'Kevin Huerter', 'Tre Jones')",0.2333333333333333,1,1,0,0,0,0,0,0,0,0,0,0.44,1.0,0.0,0.0,0.0,0.0,0.0,0.0,0.0,0.0,1.44,4
22500100,CHI,ORL,78.4,80.6,"('Ayo Dosunmu', 'Josh Giddey', 'Kevin Huerter', 'Nikola Vučević', 'Patrick Williams')",1.5333333333333332,1,2,7,0,1,1,1,0,0,0,1,2.0,3.0,0.0,0.0,0.0,0.0,0.0,2.0,0.0,2.0,5.0,4
22500100,CHI,ORL,77.0,80.8,"('Ayo Dosunmu', 'Jalen Smith', 'Kevin Huerter', 'Patrick Williams', 'Tre Jones')",2.5833333333333326,1,11,6,5,2,3,1,0,0,1,1,7.0,6.0,5.0,0.0,2.0,8.0,0.0,0.0,0.0,6.0,13.0,4
22500100,CHI,ORL,78.2,79.0,"('Isaac Okoro', 'Jalen Smith', 'Josh Giddey', 'Julian Phillips', 'Patrick Williams')",1.15,2,0,0,3,1,0,0,2,1,0,1,3.0,3.0,0.0,0.0,0.0,0.0,0.0,0.0,0.0,0.0,6.0,4
22500100,CHI,ORL,78.4,79.6,"('Ayo Dosunmu', 'Dalen Terry', 'Josh Giddey', 'Kevin Huerter', 'Nikola Vučević')",0.35,2,0,0,0,1,0,0,0,0,1,0,1.0,0.0,0.0,0.0,0.0,0.0,0.0,0.0,0.0,0.0,1.0,4
22500100,CHI,ORL,79.2,80.6,"('Josh Giddey', 'Kevin Huerter', 'Matas Buzelis', 'Nikola Vučević', 'Patrick Williams')",1.2833333333333334,1,4,2,1,2,1,0,0,1,1,0,3.44,2.0,0.0,3.0,3.0,0.0,0.0,0.0,2.0,2.0,5.44,4
22500100,CHI,ORL,77.8,79.2,"('Isaac Okoro', 'Josh Giddey', 'Matas Buzelis', 'Nikola Vučević', 'Tre Jones')",3.533333333333333,1,6,7,4,7,2,2,0,1,2,1,7.44,8.44,2.0,0.0,0.0,2.0,0.0,2.0,2.0,6.0,15.88,4
22500100,CHI,ORL,76.6,79.0,"('Ayo Dosunmu', 'Isaac Okoro', 'Jalen Smith', 'Julian Phillips', 'Tre Jones')",1.6833333333333331,2,7,4,1,2,3,1,0,0,0,1,4.0,3.0,2.0,0.0,0.0,4.0,0.0,0.0,2.0,4.0,7.0,4
22500100,CHI,ORL,78.4,80.6,"('Ayo Dosunmu', 'Josh Giddey', 'Kevin Huerter', 'Nikola Vučević', 'Patrick Williams')",1.5,4,3,2,2,1,0,0,0,0,0,2,3.44,3.0,0.0,0.0,0.0,2.0,0.0,0.0,0.0,2.0,6.44,4
22500100,CHI,ORL,77.4,80.2,"('Ayo Dosunmu', 'Josh Giddey', 'Nikola Vučević', 'Patrick Williams', 'Tre Jones')",0.7166666666666667,4,0,3,2,1,0,0,1,0,1,0,2.0,3.3200000000000003,0.0,0.0,0.0,0.0,0.0,0.0,0.0,0.0,5.32,4
22500100,CHI,ORL,78.0,79.2,"('Jalen Smith', 'Josh Giddey', 'Julian Phillips', 'Matas Buzelis', 'Tre Jones')",0.7833333333333333,4,1,0,1,2,0,0,0,0,1,2,1.44,1.0,0.0,0.0,0.0,0.0,0.0,0.0,0.0,0.0,2.44,4
22500100,CHI,ORL,77.0,80.6,"('Ayo Dosunmu', 'Jalen Smith', 'Julian Phillips', 'Kevin Huerter', 'Tre Jones')",1.5833333333333333,4,6,3,1,2,2,0,2,2,2,0,4.0,4.44,0.0,0.0,0.0,0.0,2.0,0.0,2.0,2.0,8.440000000000001,4
22500100,CHI,ORL,78.2,80.6,"('Ayo Dosunmu', 'Jalen Smith', 'Josh Giddey', 'Kevin Huerter', 'Patrick Williams')",0.3,4,1,0,0,0,0,0,0,0,0,1,0.44,0.0,0.0,0.0,0.0,0.0,0.0,0.0,0.0,0.0,0.44,4
22500100,CHI,ORL,77.2,80.6,"('Ayo Dosunmu', 'Kevin Huerter', 'Nikola Vučević', 'Patrick Williams', 'Tre Jones')",3.9983333333333335,4,11,6,2,2,2,1,2,2,0,3,7.32,7.0,0.0,0.0,0.0,2.0,2.0,0.0,2.0,6.0,14.32,4
22500100,CHI,ORL,78.2,79.2,"('Ayo Dosunmu', 'Jalen Smith', 'Josh Giddey', 'Julian Phillips', 'Kevin Huerter')",0.9833333333333334,4,2,2,1,3,1,0,0,2,0,0,3.0,4.0,2.0,2.0,0.0,2.0,0.0,0.0,2.0,2.0,7.0,4
22500100,CHI,ORL,77.0,80.6,"('Ayo Dosunmu', 'Jalen Smith', 'Kevin Huerter', 'Patrick Williams', 'Tre Jones')",0.6,4,0,1,0,1,0,0,0,1,0,0,1.0,1.44,0.0,0.0,0.0,0.0,0.0,0.0,0.0,0.0,2.44,4
22500100,CHI,ORL,78.8,80.2,"('Ayo Dosunmu', 'Josh Giddey', 'Matas Buzelis', 'Nikola Vučević', 'Patrick Williams')",0.2333333333333333,4,1,0,0,0,0,0,0,0,1,0,0.44,0.0,0.0,0.0,0.0,0.0,0.0,0.0,0.0,0.0,0.44,4
22500100,CHI,ORL,79.0,79.2,"('Jalen Smith', 'Josh Giddey', 'Julian Phillips', 'Kevin Huerter', 'Matas Buzelis')",0.8333333333333334,4,2,1,2,0,0,0,0,0,1,0,1.0,1.44,0.0,0.0,2.0,2.0,0.0,0.0,0.0,0.0,2.44,4
22500100,CHI,ORL,77.8,81.0,"('Ayo Dosunmu', 'Isaac Okoro', 'Kevin Huerter', 'Nikola Vučević', 'Patrick Williams')",2.0500000000000003,2,6,2,3,1,1,0,1,1,0,0,5.0,5.0,0.0,2.0,0.0,6.0,0.0,0.0,0.0,0.0,10.0,4
22500100,CHI,ORL,77.8,81.0,"('Josh Giddey', 'Kevin Huerter', 'Nikola Vučević', 'Patrick Williams', 'Tre Jones')",0.8049999999999999,2,2,1,2,0,0,0,1,0,0,0,2.0,1.44,0.0,0.0,2.0,2.0,0.0,0.0,0.0,0.0,3.44,4
22500100,CHI,ORL,77.4,81.0,"('Isaac Okoro', 'Josh Giddey', 'Nikola Vučević', 'Patrick Williams', 'Tre Jones')",2.725,2,2,8,2,3,1,0,1,1,1,0,5.0,5.44,0.0,0.0,0.0,0.0,3.0,0.0,0.0,4.0,10.44,4
22500100,CHI,ORL,78.2,79.4,"('Isaac Okoro', 'Jalen Smith', 'Josh Giddey', 'Kevin Huerter', 'Patrick Williams')",0.5666666666666667,2,2,2,0,1,1,0,0,0,0,1,1.0,1.0,0.0,2.0,0.0,2.0,0.0,0.0,2.0,2.0,2.0,4
22500100,CHI,ORL,78.8,79.4,"('Dalen Terry', 'Josh Giddey', 'Kevin Huerter', 'Nikola Vučević', 'Patrick Williams')",1.5166666666666668,2,2,0,2,2,1,0,1,2,1,1,4.0,4.0,2.0,2.0,0.0,2.0,0.0,0.0,0.0,0.0,8.0,4
22500100,CHI,ORL,78.8,79.6,"('Ayo Dosunmu', 'Josh Giddey', 'Kevin Huerter', 'Matas Buzelis', 'Nikola Vučević')",1.1166666666666667,2,2,2,1,0,1,0,1,0,1,0,2.0,1.88,0.0,0.0,0.0,2.0,0.0,0.0,0.0,0.0,3.88,4
22500100,CHI,ORL,77.8,79.4,"('Ayo Dosunmu', 'Isaac Okoro', 'Jalen Smith', 'Josh Giddey', 'Kevin Huerter')",0.95,3,2,3,0,0,0,0,1,0,0,1,1.88,2.44,0.0,0.0,0.0,0.0,0.0,0.0,0.0,2.0,4.32,4
22500100,CHI,ORL,78.0,79.4,"('Jalen Smith', 'Josh Giddey', 'Julian Phillips', 'Matas Buzelis', 'Tre Jones')",1.2933333333333334,3,4,4,0,0,1,1,1,1,1,1,3.88,3.88,0.0,0.0,0.0,2.0,0.0,0.0,0.0,2.0,7.76,4
22500100,CHI,ORL,78.4,80.2,"('Ayo Dosunmu', 'Josh Giddey', 'Kevin Huerter', 'Nikola Vučević', 'Patrick Williams')",1.8166666666666664,3,4,4,2,1,1,1,1,0,1,2,3.88,2.88,2.0,0.0,0.0,2.0,0.0,0.0,0.0,2.0,6.76,4
22500100,CHI,ORL,77.4,79.2,"('Isaac Okoro', 'Josh Giddey', 'Nikola Vučević', 'Patrick Williams', 'Tre Jones')",1.6166666666666667,3,5,6,0,4,1,0,0,1,2,0,4.0,5.76,0.0,0.0,0.0,2.0,0.0,0.0,2.0,2.0,9.76,4
22500100,CHI,ORL,78.4,80.6,"('Isaac Okoro', 'Josh Giddey', 'Kevin Huerter', 'Nikola Vučević', 'Patrick Williams')",0.3166666666666666,3,1,0,0,1,0,0,0,1,0,1,1.44,1.0,0.0,0.0,0.0,0.0,0.0,0.0,0.0,0.0,2.44,4
22500100,CHI,ORL,77.8,79.2,"('Isaac Okoro', 'Josh Giddey', 'Matas Buzelis', 'Nikola Vučević', 'Tre Jones')",1.75,3,5,1,3,1,1,0,2,0,3,0,5.0,5.44,3.0,0.0,0.0,2.0,0.0,0.0,0.0,0.0,10.44,4
22500100,CHI,ORL,77.2,80.6,"('Isaac Okoro', 'Kevin Huerter', 'Nikola Vučević', 'Patrick Williams', 'Tre Jones')",1.4499999999999995,3,6,4,0,1,1,1,0,1,1,2,2.88,2.88,2.0,2.0,0.0,4.0,0.0,0.0,0.0,2.0,5.76,4
22500100,CHI,ORL,76.8,79.4,"('Ayo Dosunmu', 'Isaac Okoro', 'Jalen Smith', 'Josh Giddey', 'Tre Jones')",0.0666666666666666,3,0,1,0,0,0,0,0,0,1,0,0.0,0.44,0.0,0.0,0.0,0.0,0.0,0.0,0.0,0.0,0.44,4
22500100,CHI,ORL,78.0,79.2,"('Ayo Dosunmu', 'Isaac Okoro', 'Josh Giddey', 'Kevin Huerter', 'Nikola Vučević')",0.8833333333333333,3,0,6,0,2,0,1,1,0,1,0,2.0,2.44,0.0,0.0,0.0,0.0,0.0,0.0,5.0,2.0,4.44,4
22500100,CHI,ORL,77.2,79.4,"('Ayo Dosunmu', 'Jalen Smith', 'Josh Giddey', 'Patrick Williams', 'Tre Jones')",1.8166666666666669,3,4,2,2,2,1,0,0,1,2,1,3.88,3.88,0.0,0.0,0.0,2.0,0.0,0.0,0.0,0.0,7.76,4
22500115,CHI,ATL,77.0,78.6,"('Ayo Dosunmu', 'Jalen Smith', 'Julian Phillips', 'Patrick Williams', 'Tre Jones')",3.1333333333333337,3,12,15,3,2,4,4,1,0,2,0,7.0,7.44,2.0,0.0,0.0,6.0,2.0,3.0,2.0,6.0,14.44,5
22500115,CHI,ATL,77.8,79.8,"('Isaac Okoro', 'Josh Giddey', 'Matas Buzelis', 'Nikola Vučević', 'Tre Jones')",3.999999999999999,3,14,11,4,3,4,3,1,1,1,1,9.44,8.0,2.0,2.0,4.0,4.0,2.0,2.0,2.0,8.0,17.439999999999998,5
22500115,CHI,ATL,76.2,79.8,"('Ayo Dosunmu', 'Isaac Okoro', 'Kevin Huerter', 'Patrick Williams', 'Tre Jones')",1.0,4,2,5,0,1,1,2,0,0,0,0,2.0,2.0,0.0,0.0,0.0,2.0,0.0,2.0,0.0,2.0,4.0,5
22500115,CHI,ATL,77.8,80.2,"('Ayo Dosunmu', 'Isaac Okoro', 'Josh Giddey', 'Matas Buzelis', 'Patrick Williams')",1.3833333333333333,4,4,2,1,1,0,0,0,0,1,1,2.88,2.0,0.0,0.0,0.0,2.0,0.0,0.0,0.0,2.0,4.88,5
22500115,CHI,ATL,77.0,79.8,"('Ayo Dosunmu', 'Jalen Smith', 'Kevin Huerter', 'Patrick Williams', 'Tre Jones')",0.65,4,0,4,0,0,0,1,1,0,1,0,1.0,2.0,0.0,0.0,0.0,0.0,2.0,0.0,0.0,2.0,3.0,5
22500115,CHI,ATL,77.8,78.8,"('Ayo Dosunmu', 'Josh Giddey', 'Matas Buzelis', 'Nikola Vučević', 'Tre Jones')",1.5683333333333334,4,5,5,3,0,1,1,1,0,1,1,2.88,4.0,0.0,0.0,0.0,0.0,2.0,0.0,0.0,2.0,6.88,5
22500115,CHI,ATL,78.2,79.2,"('Josh Giddey', 'Kevin Huerter', 'Matas Buzelis', 'Nikola Vučević', 'Tre Jones')",0.0,2,1,0,0,0,0,0,0,0,0,0,0.44,0.0,0.0,0.0,0.0,0.0,0.0,0.0,0.0,0.0,0.44,5
22500115,CHI,ATL,78.0,79.2,"('Kevin Huerter', 'Matas Buzelis', 'Nikola Vučević', 'Patrick Williams', 'Tre Jones')",1.1666666666666667,2,4,5,1,1,0,2,1,0,0,2,3.88,3.44,0.0,0.0,0.0,2.0,2.0,2.0,0.0,4.0,7.32,5
22500115,CHI,ATL,78.8,79.0,"('Isaac Okoro', 'Josh Giddey', 'Kevin Huerter', 'Matas Buzelis', 'Nikola Vučević')",2.75,3,9,4,4,0,2,0,2,0,4,1,6.0,6.88,0.0,0.0,0.0,6.0,0.0,0.0,0.0,0.0,12.88,5
22500115,CHI,ATL,78.4,79.6,"('Ayo Dosunmu', 'Isaac Okoro', 'Josh Giddey', 'Matas Buzelis', 'Nikola Vučević')",2.083333333333333,3,6,4,3,1,2,0,1,0,0,1,5.44,5.0,0.0,0.0,2.0,2.0,2.0,2.0,0.0,2.0,10.44,5
22500115,CHI,ATL,76.2,79.0,"('Ayo Dosunmu', 'Isaac Okoro', 'Kevin Huerter', 'Patrick Williams', 'Tre Jones')",0.5183333333333333,1,2,1,0,0,0,0,0,0,0,0,1.0,1.44,0.0,0.0,0.0,2.0,0.0,0.0,0.0,0.0,2.44,5
22500115,CHI,ATL,77.0,78.6,"('Ayo Dosunmu', 'Jalen Smith', 'Kevin Huerter', 'Patrick Williams', 'Tre Jones')",3.431666666666666,1,8,9,4,3,3,3,1,0,3,0,7.0,7.32,2.0,0.0,0.0,2.0,2.0,0.0,0.0,6.0,14.32,5
22500115,CHI,ATL,78.8,79.8,"('Isaac Okoro', 'Josh Giddey', 'Kevin Huerter', 'Matas Buzelis', 'Nikola Vučević')",1.6,1,4,4,3,2,1,1,0,0,0,0,4.0,5.0,2.0,0.0,0.0,4.0,2.0,2.0,0.0,4.0,9.0,5
22500115,CHI,ATL,79.2,79.6,"('Josh Giddey', 'Kevin Huerter', 'Matas Buzelis', 'Nikola Vučević', 'Patrick Williams')",2.3,1,5,7,2,3,1,2,0,1,2,1,5.44,4.88,0.0,2.0,0.0,4.0,0.0,0.0,3.0,2.0,10.32,5
22500115,CHI,ATL,77.8,79.8,"('Isaac Okoro', 'Josh Giddey', 'Matas Buzelis', 'Nikola Vučević', 'Tre Jones')",4.15,1,8,14,4,3,3,3,4,1,1,0,11.0,10.88,6.0,2.0,0.0,8.0,2.0,2.0,0.0,6.0,21.880000000000003,5
22500115,CHI,ATL,76.2,80.0,"('Ayo Dosunmu', 'Isaac Okoro', 'Julian Phillips', 'Patrick Williams', 'Tre Jones')",2.1166666666666667,2,4,2,3,2,0,0,0,0,0,1,4.0,4.0,0.0,0.0,0.0,4.0,0.0,0.0,0.0,0.0,8.0,5
22500115,CHI,ATL,77.4,79.2,"('Ayo Dosunmu', 'Josh Giddey', 'Nikola Vučević', 'Patrick Williams', 'Tre Jones')",3.2066666666666666,2,11,4,5,3,3,1,0,0,0,2,6.44,6.0,3.0,0.0,4.0,4.0,0.0,0.0,2.0,4.0,12.44,5
22500115,CHI,ATL,77.8,78.8,"('Ayo Dosunmu', 'Isaac Okoro', 'Josh Giddey', 'Julian Phillips', 'Matas Buzelis')",0.4166666666666666,2,1,3,0,0,0,1,0,0,0,1,1.44,1.0,0.0,0.0,0.0,0.0,0.0,0.0,0.0,0.0,2.44,5
22500115,CHI,ATL,79.2,78.4,"('Josh Giddey', 'Kevin Huerter', 'Matas Buzelis', 'Nikola Vučević', 'Patrick Williams')",1.2166666666666668,2,2,2,2,2,1,1,0,0,1,0,3.0,4.0,0.0,0.0,0.0,2.0,0.0,0.0,0.0,2.0,7.0,5
22500115,CHI,ATL,77.4,80.0,"('Ayo Dosunmu', 'Isaac Okoro', 'Josh Giddey', 'Julian Phillips', 'Patrick Williams')",1.0,2,3,2,1,1,1,0,0,0,2,1,3.0,1.88,0.0,0.0,0.0,0.0,0.0,0.0,0.0,0.0,4.88,5
22500115,CHI,ATL,78.8,78.8,"('Ayo Dosunmu', 'Josh Giddey', 'Julian Phillips', 'Matas Buzelis', 'Nikola Vučević')",1.516666666666667,2,0,2,2,2,0,0,1,1,0,0,4.0,4.0,0.0,0.0,0.0,0.0,2.0,2.0,0.0,2.0,8.0,5
22500115,CHI,ATL,79.2,78.4,"('Josh Giddey', 'Julian Phillips', 'Kevin Huerter', 'Matas Buzelis', 'Nikola Vučević')",1.3,2,4,3,1,2,1,1,0,0,1,1,2.88,3.0,0.0,0.0,0.0,2.0,0.0,0.0,3.0,0.0,5.88,5
22500115,CHI,ATL,77.8,79.0,"('Isaac Okoro', 'Josh Giddey', 'Matas Buzelis', 'Nikola Vučević', 'Tre Jones')",2.316666666666667,4,2,9,1,2,0,3,0,0,0,1,3.0,5.0,0.0,0.0,0.0,2.0,2.0,0.0,0.0,6.0,8.0,5
22500115,CHI,ATL,78.8,79.2,"('Ayo Dosunmu', 'Josh Giddey', 'Kevin Huerter', 'Matas Buzelis', 'Nikola Vučević')",1.5166666666666666,4,6,2,0,1,2,1,0,1,0,0,3.44,3.0,2.0,2.0,0.0,2.0,0.0,0.0,0.0,2.0,6.44,5
22500115,CHI,ATL,77.4,79.8,"('Ayo Dosunmu', 'Isaac Okoro', 'Josh Giddey', 'Kevin Huerter', 'Patrick Williams')",0.15,4,0,0,0,0,0,0,0,0,0,0,0.0,1.0,0.0,0.0,0.0,0.0,0.0,0.0,0.0,0.0,1.0,5
22500115,CHI,ATL,77.6,79.2,"('Ayo Dosunmu', 'Kevin Huerter', 'Matas Buzelis', 'Nikola Vučević', 'Tre Jones')",2.6333333333333333,4,11,4,4,1,3,2,0,1,0,2,5.44,5.0,0.0,3.0,2.0,4.0,0.0,0.0,0.0,4.0,10.44,5
22500132,CHI,SAC,77.8,77.6,"('Isaac Okoro', 'Josh Giddey', 'Matas Buzelis', 'Nikola Vučević', 'Tre Jones')",0.7,4,0,2,1,1,0,1,1,1,0,0,2.0,2.0,0.0,0.0,0.0,0.0,0.0,0.0,0.0,2.0,4.0,6
22500132,CHI,SAC,78.6,77.2,"('Isaac Okoro', 'Jalen Smith', 'Josh Giddey', 'Kevin Huerter', 'Matas Buzelis')",0.9166666666666669,4,5,2,2,1,2,0,0,0,1,0,3.0,2.88,0.0,0.0,0.0,2.0,0.0,0.0,0.0,0.0,5.88,6
22500132,CHI,SAC,77.4,77.6,"('Isaac Okoro', 'Josh Giddey', 'Nikola Vučević', 'Patrick Williams', 'Tre Jones')",0.0,4,0,0,0,0,0,0,0,0,0,0,0.0,0.0,0.0,0.0,0.0,0.0,0.0,0.0,0.0,0.0,0.0,6
22500132,CHI,SAC,78.4,77.2,"('Isaac Okoro', 'Josh Giddey', 'Kevin Huerter', 'Nikola Vučević', 'Patrick Williams')",2.5500000000000003,4,6,8,2,3,1,3,0,0,0,2,5.32,5.44,0.0,0.0,0.0,0.0,0.0,2.0,0.0,4.0,10.760000000000002,6
22500132,CHI,SAC,78.2,77.2,"('Isaac Okoro', 'Jalen Smith', 'Josh Giddey', 'Kevin Huerter', 'Patrick Williams')",1.0333333333333332,4,3,2,1,1,1,0,1,0,1,0,2.0,3.0,0.0,0.0,0.0,0.0,2.0,2.0,0.0,2.0,5.0,6
22500132,CHI,SAC,77.2,76.8,"('Ayo Dosunmu', 'Isaac Okoro', 'Matas Buzelis', 'Nikola Vučević', 'Tre Jones')",3.2666666666666657,4,4,4,3,3,1,0,1,1,1,1,6.0,4.88,0.0,2.0,0.0,4.0,0.0,2.0,0.0,2.0,10.88,6
22500132,CHI,SAC,78.8,76.6,"('Isaac Okoro', 'Josh Giddey', 'Kevin Huerter', 'Matas Buzelis', 'Nikola Vučević')",2.566666666666667,1,10,5,4,2,2,2,0,2,0,1,6.44,6.0,2.0,3.0,0.0,6.0,0.0,0.0,0.0,2.0,12.44,6
22500132,CHI,SAC,78.0,77.0,"('Ayo Dosunmu', 'Jalen Smith', 'Julian Phillips', 'Kevin Huerter', 'Patrick Williams')",2.1733333333333333,1,5,9,2,1,1,2,0,0,0,0,4.0,4.0,0.0,0.0,0.0,2.0,0.0,0.0,0.0,6.0,8.0,6
22500132,CHI,SAC,77.6,77.4,"('Isaac Okoro', 'Kevin Huerter', 'Matas Buzelis', 'Nikola Vučević', 'Tre Jones')",1.13,4,2,1,3,0,0,0,0,0,1,1,0.88,4.44,0.0,0.0,0.0,0.0,0.0,0.0,0.0,0.0,5.319999999999999,6
22500132,CHI,SAC,78.2,77.2,"('Ayo Dosunmu', 'Isaac Okoro', 'Jalen Smith', 'Josh Giddey', 'Matas Buzelis')",1.8833333333333333,4,5,3,1,0,1,0,1,1,2,1,3.0,2.3200000000000003,0.0,3.0,3.0,2.0,0.0,0.0,0.0,0.0,5.32,6
22500132,CHI,SAC,78.8,77.2,"('Isaac Okoro', 'Josh Giddey', 'Kevin Huerter', 'Matas Buzelis', 'Nikola Vučević')",1.55,3,6,5,2,1,2,1,0,0,2,0,3.0,3.88,0.0,0.0,0.0,6.0,0.0,0.0,3.0,0.0,6.88,6
22500132,CHI,SAC,77.8,77.2,"('Isaac Okoro', 'Josh Giddey', 'Matas Buzelis', 'Nikola Vučević', 'Tre Jones')",3.983333333333332,3,15,6,6,2,6,2,0,0,1,0,7.0,7.44,2.0,0.0,0.0,6.0,0.0,0.0,3.0,0.0,14.44,6
22500132,CHI,SAC,77.0,77.4,"('Ayo Dosunmu', 'Jalen Smith', 'Kevin Huerter', 'Patrick Williams', 'Tre Jones')",1.4666666666666668,3,4,2,1,0,2,0,1,0,2,0,3.0,2.88,0.0,0.0,0.0,4.0,0.0,0.0,0.0,0.0,5.88,6
22500132,CHI,SAC,78.4,76.6,"('Ayo Dosunmu', 'Josh Giddey', 'Kevin Huerter', 'Nikola Vučević', 'Patrick Williams')",2.2333333333333334,3,7,8,1,1,2,0,0,0,1,0,5.0,5.0,2.0,0.0,0.0,4.0,0.0,0.0,0.0,6.0,10.0,6
22500132,CHI,SAC,77.4,77.6,"('Ayo Dosunmu', 'Jalen Smith', 'Matas Buzelis', 'Patrick Williams', 'Tre Jones')",2.5900000000000003,3,7,6,3,3,1,1,1,2,2,3,7.44,7.76,2.0,2.0,2.0,6.0,0.0,0.0,0.0,2.0,15.2,6
22500132,CHI,SAC,78.0,76.6,"('Kevin Huerter', 'Matas Buzelis', 'Nikola Vučević', 'Patrick Williams', 'Tre Jones')",0.95,2,2,2,1,0,0,1,2,0,0,0,3.0,2.0,0.0,0.0,0.0,2.0,2.0,2.0,0.0,2.0,5.0,6
22500132,CHI,SAC,76.8,77.0,"('Ayo Dosunmu', 'Isaac Okoro', 'Jalen Smith', 'Josh Giddey', 'Tre Jones')",1.9,2,0,4,2,2,0,0,1,0,1,2,6.0,4.0,0.0,0.0,0.0,0.0,2.0,2.0,0.0,2.0,10.0,6
22500132,CHI,SAC,78.2,77.2,"('Josh Giddey', 'Kevin Huerter', 'Matas Buzelis', 'Nikola Vučević', 'Tre Jones')",2.966666666666667,2,12,4,4,0,4,1,2,1,1,0,7.44,6.88,5.0,2.0,0.0,8.0,2.0,2.0,0.0,2.0,14.32,6
22500132,CHI,SAC,77.8,77.2,"('Isaac Okoro', 'Josh Giddey', 'Matas Buzelis', 'Nikola Vučević', 'Tre Jones')",5.116666666666666,1,17,12,5,2,4,4,2,1,0,2,11.44,11.0,0.0,0.0,3.0,10.0,4.0,4.0,0.0,8.0,22.44,6
22500132,CHI,SAC,78.4,77.2,"('Ayo Dosunmu', 'Jalen Smith', 'Kevin Huerter', 'Matas Buzelis', 'Patrick Williams')",1.7166666666666666,1,4,7,0,1,1,3,1,1,1,0,4.44,4.0,0.0,0.0,0.0,0.0,2.0,4.0,0.0,4.0,8.440000000000001,6
22500132,CHI,SAC,77.2,77.0,"('Ayo Dosunmu', 'Jalen Smith', 'Josh Giddey', 'Julian Phillips', 'Tre Jones')",0.1166666666666666,2,0,0,0,0,0,0,0,0,1,0,0.0,0.0,0.0,0.0,0.0,0.0,0.0,0.0,0.0,0.0,0.0,6
22500132,CHI,SAC,77.8,77.2,"('Josh Giddey', 'Kevin Huerter', 'Nikola Vučević', 'Patrick Williams', 'Tre Jones')",0.4333333333333333,2,2,2,0,0,1,1,0,0,0,1,1.0,1.0,0.0,0.0,0.0,2.0,2.0,0.0,0.0,2.0,2.0,6
22500132,CHI,SAC,77.0,77.0,"('Ayo Dosunmu', 'Jalen Smith', 'Julian Phillips', 'Kevin Huerter', 'Tre Jones')",0.1333333333333333,2,0,0,0,0,0,0,0,0,1,0,0.0,0.0,0.0,0.0,0.0,0.0,0.0,0.0,0.0,0.0,0.0,6
22500132,CHI,SAC,77.4,76.6,"('Ayo Dosunmu', 'Josh Giddey', 'Nikola Vučević', 'Patrick Williams', 'Tre Jones')",0.7833333333333332,2,2,0,1,0,0,0,1,0,0,0,2.0,1.0,0.0,0.0,0.0,2.0,0.0,0.0,0.0,0.0,3.0,6
22500132,CHI,SAC,77.6,76.6,"('Ayo Dosunmu', 'Matas Buzelis', 'Nikola Vučević', 'Patrick Williams', 'Tre Jones')",2.466666666666667,2,4,11,1,2,1,4,0,0,0,1,4.88,5.0,0.0,0.0,0.0,2.0,2.0,2.0,0.0,8.0,9.88,6
22500132,CHI,SAC,77.2,77.0,"('Isaac Okoro', 'Jalen Smith', 'Josh Giddey', 'Kevin Huerter', 'Tre Jones')",0.9666666666666668,2,3,2,0,2,1,0,0,0,1,1,3.44,2.0,0.0,0.0,0.0,2.0,0.0,0.0,0.0,2.0,5.44,6
22500132,CHI,SAC,78.8,77.0,"('Isaac Okoro', 'Josh Giddey', 'Kevin Huerter', 'Matas Buzelis', 'Nikola Vučević')",0.4166666666666666,2,1,2,0,0,0,0,0,0,0,1,0.44,1.0,0.0,0.0,0.0,0.0,0.0,0.0,0.0,2.0,1.44,6
22500132,CHI,SAC,79.2,76.8,"('Josh Giddey', 'Kevin Huerter', 'Matas Buzelis', 'Nikola Vučević', 'Patrick Williams')",0.7833333333333333,2,0,4,0,2,0,2,0,0,0,0,2.0,2.0,0.0,0.0,0.0,0.0,0.0,0.0,0.0,2.0,4.0,6
22500153,CHI,NYK,77.8,78.4,"('Jalen Smith', 'Kevin Huerter', 'Matas Buzelis', 'Patrick Williams', 'Tre Jones')",2.5166666666666666,3,9,8,0,1,3,3,0,1,1,1,4.88,4.0,0.0,0.0,0.0,4.0,0.0,2.0,0.0,2.0,8.879999999999999,7
22500153,CHI,NYK,78.2,78.4,"('Josh Giddey', 'Matas Buzelis', 'Nikola Vučević', 'Patrick Williams', 'Tre Jones')",2.666666666666666,4,6,5,4,3,1,1,0,1,1,0,6.0,7.44,2.0,2.0,0.0,6.0,0.0,2.0,0.0,4.0,13.44,7
22500153,CHI,NYK,78.2,78.4,"('Josh Giddey', 'Kevin Huerter', 'Matas Buzelis', 'Nikola Vučević', 'Tre Jones')",4.949999999999999,4,13,8,8,3,2,1,1,2,1,3,9.88,10.88,0.0,2.0,2.0,8.0,2.0,0.0,0.0,6.0,20.76,7
22500153,CHI,NYK,76.6,78.2,"('Jevon Carter', 'Josh Giddey', 'Kevin Huerter', 'Nikola Vučević', 'Tre Jones')",0.5333333333333333,4,0,0,1,0,0,0,1,0,0,0,2.0,1.0,0.0,0.0,0.0,0.0,0.0,0.0,0.0,0.0,3.0,7
22500153,CHI,NYK,77.2,77.4,"('Dalen Terry', 'Jalen Smith', 'Jevon Carter', 'Julian Phillips', 'Patrick Williams')",0.9183333333333332,4,3,0,1,1,1,0,0,1,0,0,2.0,1.0,0.0,3.0,3.0,0.0,0.0,0.0,0.0,0.0,3.0,7
22500153,CHI,NYK,77.0,78.2,"('Isaac Okoro', 'Jalen Smith', 'Jevon Carter', 'Josh Giddey', 'Kevin Huerter')",2.566666666666667,4,5,10,2,3,2,4,0,0,0,0,5.0,6.0,0.0,0.0,0.0,2.0,0.0,0.0,0.0,2.0,11.0,7
22500153,CHI,NYK,77.8,77.8,"('Isaac Okoro', 'Josh Giddey', 'Matas Buzelis', 'Nikola Vučević', 'Tre Jones')",3.0500000000000003,3,5,6,2,5,2,2,2,0,2,0,6.0,4.88,2.0,0.0,0.0,2.0,2.0,2.0,0.0,2.0,10.88,7
22500153,CHI,NYK,77.4,77.8,"('Isaac Okoro', 'Josh Giddey', 'Nikola Vučević', 'Patrick Williams', 'Tre Jones')",1.2833333333333334,3,4,5,1,0,0,2,0,0,1,0,2.0,2.0,0.0,0.0,2.0,4.0,0.0,0.0,3.0,2.0,4.0,7
22500153,CHI,NYK,77.4,78.2,"('Isaac Okoro', 'Josh Giddey', 'Nikola Vučević', 'Patrick Williams', 'Tre Jones')",1.8500000000000003,2,0,3,3,3,0,1,1,0,0,0,3.0,4.0,0.0,0.0,0.0,0.0,0.0,0.0,3.0,0.0,7.0,7
22500153,CHI,NYK,78.2,78.4,"('Josh Giddey', 'Matas Buzelis', 'Nikola Vučević', 'Patrick Williams', 'Tre Jones')",3.3783333333333334,2,11,10,3,1,1,3,1,0,2,1,7.88,7.32,0.0,0.0,0.0,6.0,2.0,0.0,0.0,4.0,15.2,7
22500153,CHI,NYK,77.8,78.4,"('Jalen Smith', 'Jevon Carter', 'Josh Giddey', 'Matas Buzelis', 'Patrick Williams')",2.8166666666666664,2,12,8,2,2,3,1,0,0,2,2,6.44,4.88,3.0,0.0,0.0,2.0,0.0,0.0,0.0,0.0,11.32,7
22500153,CHI,NYK,77.6,78.0,"('Isaac Okoro', 'Jevon Carter', 'Josh Giddey', 'Matas Buzelis', 'Nikola Vučević')",0.3166666666666666,2,0,2,0,0,0,0,0,0,0,1,0.0,0.88,0.0,0.0,0.0,0.0,0.0,0.0,0.0,0.0,0.88,7
22500153,CHI,NYK,77.8,78.0,"('Jalen Smith', 'Jevon Carter', 'Josh Giddey', 'Julian Phillips', 'Matas Buzelis')",1.633333333333333,2,10,2,1,1,4,0,0,2,2,1,5.0,4.0,3.0,5.0,0.0,4.0,0.0,0.0,0.0,2.0,9.0,7
22500153,CHI,NYK,76.4,78.0,"('Isaac Okoro', 'Jevon Carter', 'Matas Buzelis', 'Nikola Vučević', 'Tre Jones')",2.0,2,3,9,0,3,1,3,1,1,0,0,5.0,4.0,0.0,0.0,0.0,0.0,0.0,6.0,0.0,0.0,9.0,7
22500153,CHI,NYK,77.8,78.0,"('Josh Giddey', 'Kevin Huerter', 'Nikola Vučević', 'Patrick Williams', 'Tre Jones')",2.316666666666667,3,4,9,2,2,2,2,1,0,1,1,4.0,4.88,0.0,0.0,2.0,4.0,3.0,3.0,0.0,4.0,8.879999999999999,7
22500153,CHI,NYK,78.4,78.2,"('Isaac Okoro', 'Josh Giddey', 'Kevin Huerter', 'Nikola Vučević', 'Patrick Williams')",1.5333333333333334,3,5,5,0,1,1,2,1,0,1,0,3.0,3.0,0.0,0.0,0.0,2.0,0.0,0.0,3.0,2.0,6.0,7
22500153,CHI,NYK,77.8,79.8,"('Isaac Okoro', 'Josh Giddey', 'Matas Buzelis', 'Nikola Vučević', 'Tre Jones')",4.033333333333333,1,10,10,5,3,2,2,2,1,2,1,8.88,8.88,5.0,2.0,2.0,2.0,0.0,3.0,0.0,2.0,17.76,7
22500153,CHI,NYK,78.8,78.4,"('Isaac Okoro', 'Josh Giddey', 'Kevin Huerter', 'Matas Buzelis', 'Nikola Vučević')",1.416666666666667,1,3,6,2,2,0,2,0,0,0,0,2.0,3.0,0.0,0.0,3.0,0.0,0.0,0.0,3.0,0.0,5.0,7
22500153,CHI,NYK,76.6,76.2,"('Jalen Smith', 'Jevon Carter', 'Matas Buzelis', 'Patrick Williams', 'Tre Jones')",1.0516666666666663,1,4,7,3,1,0,0,0,0,1,0,3.0,3.76,2.0,0.0,2.0,4.0,0.0,0.0,0.0,0.0,6.76,7
22500153,CHI,NYK,78.4,78.0,"('Isaac Okoro', 'Josh Giddey', 'Kevin Huerter', 'Nikola Vučević', 'Patrick Williams')",2.3,1,7,6,0,2,3,1,1,2,0,0,6.0,6.0,0.0,0.0,0.0,4.0,2.0,4.0,0.0,6.0,12.0,7
22500153,CHI,NYK,77.4,77.6,"('Jalen Smith', 'Julian Phillips', 'Kevin Huerter', 'Patrick Williams', 'Tre Jones')",2.9,1,0,5,4,9,0,1,0,0,3,1,6.0,6.0,0.0,0.0,0.0,0.0,0.0,2.0,3.0,2.0,12.0,7
22500153,CHI,NYK,77.6,78.4,"('Isaac Okoro', 'Jalen Smith', 'Josh Giddey', 'Matas Buzelis', 'Tre Jones')",1.2166666666666666,3,2,4,2,1,0,0,2,0,0,0,3.0,3.88,0.0,0.0,2.0,0.0,2.0,0.0,0.0,2.0,6.88,7
22500167,CHI,PHI,78.2,78.0,"('Josh Giddey', 'Kevin Huerter', 'Matas Buzelis', 'Nikola Vučević', 'Tre Jones')",0.18,4,3,0,0,0,1,0,0,0,0,0,1.0,0.0,0.0,0.0,0.0,0.0,0.0,0.0,0.0,0.0,1.0,8
22500167,CHI,PHI,77.4,78.4,"('Isaac Okoro', 'Jalen Smith', 'Kevin Huerter', 'Matas Buzelis', 'Tre Jones')",0.1166666666666666,4,0,1,0,0,0,0,0,0,0,1,0.0,0.44,0.0,0.0,0.0,0.0,0.0,0.0,0.0,0.0,0.44,8
22500167,CHI,PHI,77.8,78.6,"('Isaac Okoro', 'Josh Giddey', 'Matas Buzelis', 'Nikola Vučević', 'Tre Jones')",4.0,3,9,12,3,1,2,3,3,1,1,2,9.88,11.0,5.0,0.0,0.0,4.0,3.0,3.0,0.0,4.0,20.880000000000003,8
22500167,CHI,PHI,78.8,78.4,"('Isaac Okoro', 'Josh Giddey', 'Kevin Huerter', 'Matas Buzelis', 'Nikola Vučević')",3.8000000000000007,3,9,2,5,3,1,0,1,3,1,3,9.0,8.0,5.0,6.0,2.0,6.0,0.0,0.0,0.0,0.0,17.0,8
22500167,CHI,PHI,77.8,78.0,"('Isaac Okoro', 'Josh Giddey', 'Matas Buzelis', 'Nikola Vučević', 'Tre Jones')",2.9050000000000007,4,4,0,5,3,1,0,1,1,0,0,6.0,7.0,2.0,2.0,0.0,4.0,0.0,0.0,0.0,0.0,13.0,8
22500167,CHI,PHI,78.8,78.0,"('Isaac Okoro', 'Josh Giddey', 'Kevin Huerter', 'Matas Buzelis', 'Nikola Vučević')",2.4,4,4,2,5,1,0,0,1,0,1,1,3.88,4.88,0.0,0.0,2.0,2.0,0.0,0.0,0.0,0.0,8.76,8
22500167,CHI,PHI,77.6,78.4,"('Isaac Okoro', 'Kevin Huerter', 'Matas Buzelis', 'Nikola Vučević', 'Tre Jones')",1.5833333333333333,4,4,2,2,1,1,1,1,0,1,0,3.0,2.0,0.0,0.0,2.0,4.0,0.0,0.0,2.0,2.0,5.0,8
22500167,CHI,PHI,78.6,77.8,"('Dalen Terry', 'Jalen Smith', 'Josh Giddey', 'Kevin Huerter', 'Patrick Williams')",0.45,4,0,2,0,0,0,0,1,0,1,0,1.0,0.88,0.0,0.0,0.0,0.0,0.0,0.0,0.0,0.0,1.88,8
22500167,CHI,PHI,77.6,78.4,"('Isaac Okoro', 'Jalen Smith', 'Josh Giddey', 'Matas Buzelis', 'Tre Jones')",1.7333333333333334,4,6,5,2,2,1,0,0,1,3,1,3.3200000000000003,4.32,0.0,3.0,3.0,0.0,0.0,0.0,0.0,0.0,7.640000000000001,8
22500167,CHI,PHI,79.0,77.8,"('Dalen Terry', 'Jalen Smith', 'Josh Giddey', 'Matas Buzelis', 'Patrick Williams')",2.25,4,8,4,5,1,2,1,1,0,0,2,4.88,6.0,3.0,0.0,0.0,0.0,2.0,2.0,0.0,4.0,10.88,8
22500167,CHI,PHI,77.6,77.6,"('Isaac Okoro', 'Julian Phillips', 'Matas Buzelis', 'Nikola Vučević', 'Tre Jones')",1.1166666666666667,2,2,1,1,2,1,0,0,1,1,0,3.0,2.44,2.0,2.0,0.0,2.0,0.0,0.0,0.0,0.0,5.44,8
22500167,CHI,PHI,78.4,78.8,"('Isaac Okoro', 'Josh Giddey', 'Kevin Huerter', 'Nikola Vučević', 'Patrick Williams')",1.9683333333333335,2,5,5,2,3,2,1,0,0,1,0,4.0,4.44,3.0,0.0,0.0,2.0,0.0,0.0,0.0,4.0,8.440000000000001,8
22500167,CHI,PHI,77.6,77.4,"('Isaac Okoro', 'Matas Buzelis', 'Nikola Vučević', 'Patrick Williams', 'Tre Jones')",1.4,2,2,6,0,1,1,0,0,0,1,0,2.0,3.88,0.0,0.0,0.0,2.0,0.0,0.0,2.0,4.0,5.88,8
22500167,CHI,PHI,78.6,77.4,"('Dalen Terry', 'Jalen Smith', 'Josh Giddey', 'Julian Phillips', 'Kevin Huerter')",2.85,2,10,9,2,1,3,1,1,0,2,1,5.88,6.0,2.0,0.0,0.0,2.0,0.0,2.0,0.0,4.0,11.88,8
22500167,CHI,PHI,77.4,76.6,"('Dalen Terry', 'Jalen Smith', 'Kevin Huerter', 'Patrick Williams', 'Tre Jones')",3.849999999999999,3,7,6,6,3,1,3,3,2,0,2,9.0,9.0,0.0,2.0,4.0,4.0,0.0,2.0,2.0,6.0,18.0,8
22500167,CHI,PHI,77.6,78.4,"('Isaac Okoro', 'Kevin Huerter', 'Matas Buzelis', 'Nikola Vučević', 'Tre Jones')",0.2666666666666666,3,3,0,0,0,1,0,0,1,0,0,1.44,1.0,2.0,2.0,0.0,2.0,0.0,0.0,0.0,0.0,2.44,8
22500167,CHI,PHI,78.8,78.8,"('Isaac Okoro', 'Josh Giddey', 'Matas Buzelis', 'Nikola Vučević', 'Patrick Williams')",2.8666666666666667,2,9,7,1,4,1,0,1,2,1,1,8.0,8.440000000000001,2.0,4.0,0.0,6.0,0.0,0.0,2.0,4.0,16.44,8
22500167,CHI,PHI,77.4,77.6,"('Dalen Terry', 'Jalen Smith', 'Julian Phillips', 'Kevin Huerter', 'Tre Jones')",1.116666666666667,2,0,2,1,4,0,0,1,2,1,2,4.0,3.88,0.0,0.0,0.0,0.0,0.0,0.0,0.0,0.0,7.88,8
22500167,CHI,PHI,77.6,78.2,"('Dalen Terry', 'Jalen Smith', 'Josh Giddey', 'Patrick Williams', 'Tre Jones')",3.1816666666666675,1,7,8,2,4,2,2,0,1,2,2,7.44,6.32,2.0,2.0,2.0,6.0,0.0,3.0,2.0,2.0,13.760000000000002,8
22500167,CHI,PHI,78.8,78.6,"('Isaac Okoro', 'Josh Giddey', 'Kevin Huerter', 'Matas Buzelis', 'Nikola Vučević')",1.1333333333333333,1,4,2,0,0,2,1,0,0,0,0,2.0,2.0,0.0,0.0,0.0,4.0,0.0,0.0,0.0,2.0,4.0,8
22500167,CHI,PHI,78.4,78.8,"('Isaac Okoro', 'Josh Giddey', 'Kevin Huerter', 'Nikola Vučević', 'Patrick Williams')",3.3166666666666664,1,9,14,3,2,0,4,1,0,0,1,5.88,7.0,0.0,0.0,3.0,4.0,2.0,2.0,3.0,2.0,12.88,8
22500167,CHI,PHI,77.8,78.6,"('Isaac Okoro', 'Josh Giddey', 'Matas Buzelis', 'Nikola Vučević', 'Tre Jones')",3.066666666666666,1,7,15,1,2,3,2,1,0,1,1,6.0,5.88,0.0,0.0,4.0,4.0,2.0,2.0,3.0,2.0,11.88,8
22500167,CHI,PHI,77.8,78.8,"('Dalen Terry', 'Jalen Smith', 'Matas Buzelis', 'Patrick Williams', 'Tre Jones')",0.0,1,0,0,0,0,0,0,0,0,0,0,0.0,0.0,0.0,0.0,0.0,0.0,0.0,0.0,0.0,0.0,0.0,8
22500167,CHI,PHI,77.4,78.0,"('Isaac Okoro', 'Josh Giddey', 'Kevin Huerter', 'Nikola Vučević', 'Tre Jones')",0.6816666666666666,2,1,0,2,0,0,0,0,0,0,1,2.44,2.0,0.0,0.0,0.0,0.0,0.0,0.0,0.0,0.0,4.44,8
22500167,CHI,PHI,77.8,78.4,"('Jalen Smith', 'Kevin Huerter', 'Matas Buzelis', 'Patrick Williams', 'Tre Jones')",1.1333333333333333,1,0,6,0,2,0,3,1,1,1,0,3.0,4.0,0.0,0.0,0.0,0.0,2.0,2.0,0.0,6.0,7.0,8
22500186,CHI,CLE,78.6,77.8,"('Ayo Dosunmu', 'Jalen Smith', 'Josh Giddey', 'Matas Buzelis', 'Patrick Williams')",1.6333333333333335,2,6,2,2,2,0,1,0,0,0,3,3.76,3.0,0.0,0.0,0.0,2.0,0.0,0.0,2.0,2.0,6.76,9
22500186,CHI,CLE,77.4,77.8,"('Ayo Dosunmu', 'Jalen Smith', 'Kevin Huerter', 'Matas Buzelis', 'Tre Jones')",4.366666666666666,1,14,10,5,1,3,4,4,1,0,3,11.32,12.0,2.0,2.0,0.0,8.0,4.0,2.0,2.0,8.0,23.32,9
22500186,CHI,CLE,78.4,79.2,"('Ayo Dosunmu', 'Josh Giddey', 'Kevin Huerter', 'Nikola Vučević', 'Patrick Williams')",0.85,1,0,4,0,2,0,2,0,0,1,0,2.0,2.0,0.0,0.0,0.0,0.0,0.0,0.0,0.0,4.0,4.0,9
22500186,CHI,CLE,78.4,79.2,"('Isaac Okoro', 'Josh Giddey', 'Kevin Huerter', 'Nikola Vučević', 'Patrick Williams')",4.566666666666667,1,15,11,4,4,4,3,1,2,3,2,10.0,11.2,4.0,5.0,0.0,6.0,0.0,0.0,0.0,4.0,21.2,9
22500186,CHI,CLE,77.8,79.0,"('Isaac Okoro', 'Josh Giddey', 'Matas Buzelis', 'Nikola Vučević', 'Tre Jones')",2.033333333333333,1,0,7,0,1,0,3,2,1,1,0,4.0,4.0,0.0,0.0,0.0,0.0,2.0,5.0,0.0,4.0,8.0,9
22500186,CHI,CLE,77.4,79.0,"('Isaac Okoro', 'Josh Giddey', 'Nikola Vučević', 'Patrick Williams', 'Tre Jones')",0.1333333333333333,1,0,0,0,0,0,0,0,0,1,0,0.0,1.0,0.0,0.0,0.0,0.0,0.0,0.0,0.0,0.0,1.0,9
22500186,CHI,CLE,77.8,77.6,"('Ayo Dosunmu', 'Isaac Okoro', 'Jalen Smith', 'Josh Giddey', 'Kevin Huerter')",2.0,4,5,5,2,2,2,1,0,0,0,2,3.0,3.0,0.0,0.0,0.0,0.0,0.0,2.0,2.0,2.0,6.0,9
22500186,CHI,CLE,77.2,78.0,"('Isaac Okoro', 'Kevin Huerter', 'Nikola Vučević', 'Patrick Williams', 'Tre Jones')",2.783333333333333,4,4,10,0,2,1,3,0,1,0,1,4.0,5.0,2.0,2.0,0.0,4.0,0.0,0.0,0.0,2.0,9.0,9
22500186,CHI,CLE,77.8,79.2,"('Ayo Dosunmu', 'Isaac Okoro', 'Kevin Huerter', 'Nikola Vučević', 'Patrick Williams')",0.2333333333333333,3,0,0,0,0,0,0,0,0,0,1,1.0,0.0,0.0,0.0,0.0,0.0,0.0,0.0,0.0,0.0,1.0,9
22500186,CHI,CLE,77.0,77.8,"('Ayo Dosunmu', 'Jalen Smith', 'Kevin Huerter', 'Patrick Williams', 'Tre Jones')",1.2333333333333334,3,2,3,2,0,1,1,1,0,0,0,3.0,3.0,0.0,0.0,0.0,2.0,0.0,0.0,0.0,0.0,6.0,9
22500186,CHI,CLE,78.0,79.6,"('Ayo Dosunmu', 'Isaac Okoro', 'Josh Giddey', 'Nikola Vučević', 'Patrick Williams')",3.216666666666667,3,11,10,2,1,4,3,1,0,3,1,5.88,6.0,2.0,0.0,0.0,6.0,0.0,0.0,2.0,4.0,11.88,9
22500186,CHI,CLE,78.0,77.6,"('Jalen Smith', 'Josh Giddey', 'Kevin Huerter', 'Matas Buzelis', 'Tre Jones')",3.665,3,11,13,5,3,1,1,0,1,4,2,7.76,10.2,3.0,3.0,2.0,4.0,0.0,2.0,0.0,2.0,17.96,9
22500186,CHI,CLE,77.2,79.2,"('Ayo Dosunmu', 'Kevin Huerter', 'Nikola Vučević', 'Patrick Williams', 'Tre Jones')",0.9333333333333336,3,2,2,2,3,0,1,0,0,0,1,4.0,2.0,0.0,0.0,0.0,2.0,0.0,0.0,0.0,2.0,6.0,9
22500186,CHI,CLE,77.8,79.0,"('Isaac Okoro', 'Josh Giddey', 'Matas Buzelis', 'Nikola Vučević', 'Tre Jones')",1.6833333333333331,3,0,6,1,5,0,0,0,0,2,0,3.0,3.0,0.0,0.0,0.0,0.0,0.0,2.0,2.0,6.0,6.0,9
22500186,CHI,CLE,77.4,79.0,"('Isaac Okoro', 'Josh Giddey', 'Nikola Vučević', 'Patrick Williams', 'Tre Jones')",0.95,3,0,6,0,1,0,2,1,0,0,1,2.0,2.44,0.0,0.0,0.0,0.0,3.0,0.0,0.0,2.0,4.44,9
22500186,CHI,CLE,77.4,78.0,"('Ayo Dosunmu', 'Josh Giddey', 'Nikola Vučević', 'Patrick Williams', 'Tre Jones')",1.1,2,4,3,2,1,2,1,0,1,0,0,3.0,3.0,2.0,2.0,0.0,4.0,0.0,0.0,0.0,0.0,6.0,9
22500186,CHI,CLE,76.8,77.8,"('Ayo Dosunmu', 'Isaac Okoro', 'Julian Phillips', 'Nikola Vučević', 'Tre Jones')",1.9,2,6,9,1,1,2,2,0,0,1,0,3.0,4.44,0.0,0.0,0.0,0.0,2.0,0.0,0.0,2.0,7.44,9
22500186,CHI,CLE,77.4,78.0,"('Isaac Okoro', 'Josh Giddey', 'Kevin Huerter', 'Nikola Vučević', 'Tre Jones')",2.95,4,6,13,2,4,0,1,1,0,5,2,8.64,8.64,0.0,0.0,0.0,0.0,0.0,0.0,0.0,4.0,17.28,9
22500186,CHI,CLE,76.8,78.6,"('Ayo Dosunmu', 'Isaac Okoro', 'Nikola Vučević', 'Patrick Williams', 'Tre Jones')",2.6500000000000004,4,9,2,4,3,1,1,0,0,2,3,7.2,6.0,2.0,0.0,0.0,4.0,0.0,0.0,2.0,0.0,13.2,9
22500186,CHI,CLE,78.0,78.6,"('Ayo Dosunmu', 'Isaac Okoro', 'Josh Giddey', 'Nikola Vučević', 'Patrick Williams')",0.4333333333333333,4,0,0,1,0,0,0,0,0,0,0,1.0,1.0,0.0,0.0,0.0,0.0,0.0,0.0,0.0,0.0,2.0,9
22500186,CHI,CLE,77.6,78.4,"('Ayo Dosunmu', 'Jalen Smith', 'Josh Giddey', 'Matas Buzelis', 'Tre Jones')",0.5833333333333333,4,0,2,1,0,0,0,1,0,0,0,1.0,2.0,0.0,0.0,0.0,0.0,2.0,2.0,0.0,2.0,3.0,9
22500186,CHI,CLE,78.0,77.6,"('Ayo Dosunmu', 'Isaac Okoro', 'Josh Giddey', 'Kevin Huerter', 'Nikola Vučević')",0.2,4,0,0,0,0,0,0,0,0,0,1,1.0,0.0,0.0,0.0,0.0,0.0,0.0,0.0,0.0,0.0,1.0,9
22500186,CHI,CLE,79.0,77.8,"('Jalen Smith', 'Josh Giddey', 'Kevin Huerter', 'Matas Buzelis', 'Patrick Williams')",0.7000000000000001,2,2,0,2,1,0,0,0,0,0,1,1.88,2.0,0.0,0.0,0.0,0.0,0.0,0.0,0.0,0.0,3.88,9
22500186,CHI,CLE,78.2,77.6,"('Isaac Okoro', 'Jalen Smith', 'Josh Giddey', 'Julian Phillips', 'Kevin Huerter')",1.7000000000000002,2,7,0,6,0,2,0,0,0,0,0,2.44,3.0,0.0,0.0,0.0,0.0,0.0,0.0,0.0,0.0,5.44,9
22500186,CHI,CLE,78.2,77.4,"('Isaac Okoro', 'Jalen Smith', 'Josh Giddey', 'Kevin Huerter', 'Patrick Williams')",1.9,2,8,3,4,0,2,1,1,0,0,1,4.32,4.0,0.0,0.0,2.0,2.0,0.0,0.0,0.0,0.0,8.32,9
22500186,CHI,CLE,77.8,78.0,"('Isaac Okoro', 'Josh Giddey', 'Matas Buzelis', 'Nikola Vučević', 'Tre Jones')",1.5666666666666669,2,5,4,1,2,0,0,0,1,2,1,3.3200000000000003,4.44,0.0,0.0,0.0,2.0,0.0,0.0,0.0,0.0,7.76,9
22500186,CHI,CLE,77.2,77.6,"('Ayo Dosunmu', 'Isaac Okoro', 'Matas Buzelis', 'Nikola Vučević', 'Tre Jones')",0.8666666666666667,2,5,3,0,0,2,1,0,1,0,1,3.0,2.0,0.0,0.0,0.0,2.0,0.0,0.0,0.0,0.0,5.0,9
22500186,CHI,CLE,78.2,78.4,"('Ayo Dosunmu', 'Isaac Okoro', 'Jalen Smith', 'Josh Giddey', 'Matas Buzelis')",0.0,4,0,0,0,0,0,0,0,0,0,0,0.0,0.0,0.0,0.0,0.0,0.0,0.0,0.0,0.0,0.0,0.0,9
22500202,CHI,SAS,76.4,80.4,"('Ayo Dosunmu', 'Isaac Okoro', 'Jalen Smith', 'Jevon Carter', 'Julian Phillips')",0.9333333333333332,2,2,3,1,0,0,1,0,0,1,0,1.0,1.0,0.0,0.0,2.0,2.0,3.0,0.0,0.0,0.0,2.0,10
22500202,CHI,SAS,77.2,79.4,"('Ayo Dosunmu', 'Kevin Huerter', 'Nikola Vučević', 'Patrick Williams', 'Tre Jones')",2.6533333333333333,2,9,11,2,2,2,3,0,1,0,1,6.88,6.44,0.0,2.0,2.0,4.0,0.0,0.0,0.0,2.0,13.32,10
22500202,CHI,SAS,77.8,79.6,"('Ayo Dosunmu', 'Isaac Okoro', 'Kevin Huerter', 'Nikola Vučević', 'Patrick Williams')",1.1666666666666667,1,4,3,1,1,1,1,0,0,0,1,2.44,2.44,0.0,0.0,0.0,0.0,0.0,0.0,0.0,2.0,4.88,10
22500202,CHI,SAS,77.4,80.0,"('Ayo Dosunmu', 'Jalen Smith', 'Matas Buzelis', 'Patrick Williams', 'Tre Jones')",2.016666666666666,1,6,2,2,1,0,1,2,4,0,0,5.88,6.0,0.0,2.0,2.0,4.0,2.0,2.0,0.0,2.0,11.88,10
22500202,CHI,SAS,78.0,79.8,"('Dalen Terry', 'Matas Buzelis', 'Nikola Vučević', 'Patrick Williams', 'Tre Jones')",1.2666666666666668,2,4,2,2,2,1,1,1,1,1,1,3.88,4.0,2.0,0.0,0.0,2.0,0.0,0.0,2.0,2.0,7.88,10
22500202,CHI,SAS,78.2,79.6,"('Ayo Dosunmu', 'Isaac Okoro', 'Kevin Huerter', 'Matas Buzelis', 'Nikola Vučević')",1.1166666666666667,1,5,5,1,1,1,2,0,0,1,1,2.88,3.44,0.0,0.0,0.0,0.0,0.0,2.0,0.0,4.0,6.32,10
22500202,CHI,SAS,78.6,79.4,"('Ayo Dosunmu', 'Kevin Huerter', 'Matas Buzelis', 'Nikola Vučević', 'Patrick Williams')",0.0,1,1,0,0,0,0,0,0,0,0,0,0.44,0.0,0.0,0.0,0.0,0.0,0.0,0.0,0.0,0.0,0.44,10
22500202,CHI,SAS,77.6,79.4,"('Ayo Dosunmu', 'Matas Buzelis', 'Nikola Vučević', 'Patrick Williams', 'Tre Jones')",1.3833333333333333,1,0,6,0,4,0,1,0,1,0,1,4.0,4.0,0.0,0.0,0.0,0.0,0.0,2.0,2.0,4.0,8.0,10
22500202,CHI,SAS,76.2,80.0,"('Jalen Smith', 'Jevon Carter', 'Julian Phillips', 'Patrick Williams', 'Tre Jones')",1.145,1,2,2,1,1,0,0,0,1,0,0,2.0,2.0,0.0,0.0,0.0,2.0,0.0,0.0,0.0,2.0,4.0,10
22500202,CHI,SAS,77.6,79.4,"('Isaac Okoro', 'Kevin Huerter', 'Matas Buzelis', 'Nikola Vučević', 'Tre Jones')",4.583333333333333,1,8,16,4,4,2,3,2,0,3,0,10.0,10.76,0.0,0.0,0.0,8.0,2.0,2.0,0.0,6.0,20.76,10
22500202,CHI,SAS,78.0,79.4,"('Kevin Huerter', 'Matas Buzelis', 'Nikola Vučević', 'Patrick Williams', 'Tre Jones')",0.1833333333333333,3,0,0,0,0,0,0,0,0,0,0,1.0,0.0,0.0,0.0,0.0,0.0,0.0,0.0,0.0,0.0,1.0,10
22500202,CHI,SAS,77.0,80.0,"('Ayo Dosunmu', 'Jalen Smith', 'Julian Phillips', 'Patrick Williams', 'Tre Jones')",3.4600000000000004,3,7,5,2,2,1,1,2,2,2,1,7.44,7.44,0.0,0.0,0.0,4.0,2.0,0.0,0.0,4.0,14.88,10
22500202,CHI,SAS,77.6,79.4,"('Isaac Okoro', 'Kevin Huerter', 'Matas Buzelis', 'Nikola Vučević', 'Tre Jones')",3.25,3,10,11,2,2,3,2,0,0,2,3,7.88,7.88,0.0,0.0,0.0,6.0,0.0,0.0,0.0,4.0,15.76,10
22500202,CHI,SAS,76.8,80.4,"('Ayo Dosunmu', 'Isaac Okoro', 'Nikola Vučević', 'Patrick Williams', 'Tre Jones')",0.0,4,0,0,0,0,0,0,0,0,0,0,0.0,0.0,0.0,0.0,0.0,0.0,0.0,0.0,0.0,0.0,0.0,10
22500202,CHI,SAS,77.6,81.0,"('Ayo Dosunmu', 'Jalen Smith', 'Kevin Huerter', 'Nikola Vučević', 'Tre Jones')",1.9300000000000004,4,4,13,0,4,1,2,0,0,2,2,5.44,5.2,0.0,0.0,0.0,0.0,0.0,3.0,0.0,2.0,10.64,10
22500202,CHI,SAS,76.8,81.0,"('Ayo Dosunmu', 'Isaac Okoro', 'Kevin Huerter', 'Nikola Vučević', 'Tre Jones')",0.6166666666666667,4,2,2,0,1,1,0,0,0,1,0,1.0,0.88,0.0,0.0,0.0,2.0,0.0,0.0,0.0,0.0,1.88,10
22500202,CHI,SAS,77.0,80.4,"('Ayo Dosunmu', 'Isaac Okoro', 'Jalen Smith', 'Matas Buzelis', 'Tre Jones')",0.9333333333333336,4,0,2,0,1,0,0,0,0,1,0,2.0,1.0,0.0,0.0,0.0,0.0,2.0,0.0,0.0,0.0,3.0,10
22500202,CHI,SAS,77.2,81.0,"('Ayo Dosunmu', 'Kevin Huerter', 'Nikola Vučević', 'Patrick Williams', 'Tre Jones')",4.554999999999998,4,7,7,7,4,3,2,2,0,2,0,9.0,8.44,0.0,0.0,0.0,4.0,0.0,0.0,0.0,4.0,17.439999999999998,10
22500202,CHI,SAS,77.4,81.6,"('Isaac Okoro', 'Jalen Smith', 'Kevin Huerter', 'Matas Buzelis', 'Tre Jones')",1.7333333333333334,4,3,3,3,2,1,1,0,1,0,1,4.0,3.0,0.0,0.0,3.0,0.0,0.0,0.0,0.0,0.0,7.0,10
22500202,CHI,SAS,77.8,81.0,"('Jalen Smith', 'Julian Phillips', 'Kevin Huerter', 'Matas Buzelis', 'Tre Jones')",1.15,4,3,2,1,3,1,0,0,0,1,1,1.0,3.0,3.0,0.0,0.0,0.0,0.0,0.0,2.0,2.0,4.0,10
22500202,CHI,SAS,78.0,81.6,"('Ayo Dosunmu', 'Isaac Okoro', 'Jalen Smith', 'Kevin Huerter', 'Matas Buzelis')",0.9500000000000002,4,0,3,3,2,0,1,1,0,1,0,2.0,3.44,0.0,0.0,0.0,0.0,0.0,0.0,0.0,2.0,5.44,10
22500202,CHI,SAS,76.8,80.4,"('Ayo Dosunmu', 'Jalen Smith', 'Jevon Carter', 'Julian Phillips', 'Patrick Williams')",1.6333333333333333,2,2,2,2,2,0,1,1,0,0,0,3.0,2.0,0.0,0.0,0.0,0.0,0.0,0.0,0.0,2.0,5.0,10
22500202,CHI,SAS,77.6,79.8,"('Dalen Terry', 'Isaac Okoro', 'Matas Buzelis', 'Nikola Vučević', 'Tre Jones')",1.1666666666666667,2,2,1,2,1,0,0,0,1,1,2,1.88,3.44,0.0,0.0,0.0,0.0,0.0,0.0,0.0,0.0,5.32,10
22500202,CHI,SAS,78.6,79.2,"('Ayo Dosunmu', 'Kevin Huerter', 'Matas Buzelis', 'Nikola Vučević', 'Patrick Williams')",4.283333333333332,3,14,9,4,3,4,4,1,2,0,2,9.32,9.0,3.0,0.0,0.0,2.0,3.0,0.0,0.0,6.0,18.32,10
22500202,CHI,SAS,77.4,80.0,"('Jalen Smith', 'Julian Phillips', 'Kevin Huerter', 'Patrick Williams', 'Tre Jones')",0.5066666666666666,3,3,1,0,0,1,0,0,1,0,0,2.0,1.44,0.0,0.0,0.0,0.0,0.0,0.0,0.0,0.0,3.44,10
22500202,CHI,SAS,76.4,79.4,"('Ayo Dosunmu', 'Isaac Okoro', 'Jalen Smith', 'Jevon Carter', 'Kevin Huerter')",4.3,2,19,10,5,4,6,3,0,0,1,0,10.0,9.88,2.0,0.0,0.0,4.0,0.0,2.0,2.0,8.0,19.880000000000003,10
22500214,CHI,DET,76.8,78.2,"('Jevon Carter', 'Kevin Huerter', 'Matas Buzelis', 'Nikola Vučević', 'Tre Jones')",0.75,2,2,2,0,0,0,0,0,1,0,0,1.0,2.0,0.0,0.0,0.0,2.0,0.0,0.0,0.0,2.0,3.0,11
22500214,CHI,DET,76.2,78.6,"('Jalen Smith', 'Jevon Carter', 'Kevin Huerter', 'Patrick Williams', 'Tre Jones')",1.8000000000000005,3,0,9,2,3,0,3,2,0,1,0,5.0,5.0,0.0,0.0,0.0,0.0,2.0,2.0,0.0,6.0,10.0,11
22500214,CHI,DET,77.2,78.4,"('Ayo Dosunmu', 'Dalen Terry', 'Jalen Smith', 'Jevon Carter', 'Matas Buzelis')",2.435,3,8,3,3,2,1,1,1,1,1,3,6.2,5.0,0.0,0.0,0.0,0.0,0.0,0.0,0.0,0.0,11.2,11
22500214,CHI,DET,78.2,78.6,"('Ayo Dosunmu', 'Isaac Okoro', 'Kevin Huerter', 'Matas Buzelis', 'Nikola Vučević')",0.85,3,0,0,2,1,0,0,1,0,0,1,2.0,2.0,0.0,0.0,0.0,0.0,0.0,0.0,0.0,0.0,4.0,11
22500214,CHI,DET,77.2,78.6,"('Ayo Dosunmu', 'Jalen Smith', 'Jevon Carter', 'Kevin Huerter', 'Matas Buzelis')",0.2833333333333333,3,2,1,0,0,0,0,0,0,1,0,1.0,0.44,0.0,0.0,0.0,2.0,0.0,0.0,0.0,0.0,1.44,11
22500214,CHI,DET,75.8,77.6,"('Ayo Dosunmu', 'Jalen Smith', 'Jevon Carter', 'Patrick Williams', 'Tre Jones')",0.5333333333333333,3,0,2,1,1,0,1,0,0,0,1,1.0,2.0,0.0,0.0,0.0,0.0,0.0,0.0,0.0,2.0,3.0,11
22500214,CHI,DET,76.6,77.6,"('Ayo Dosunmu', 'Isaac Okoro', 'Jalen Smith', 'Patrick Williams', 'Tre Jones')",1.1,3,5,4,0,0,1,2,0,0,1,0,2.0,2.0,0.0,0.0,0.0,2.0,0.0,0.0,0.0,4.0,4.0,11
22500214,CHI,DET,77.6,78.6,"('Isaac Okoro', 'Kevin Huerter', 'Matas Buzelis', 'Nikola Vučević', 'Tre Jones')",4.616666666666665,3,12,8,6,5,3,1,2,3,1,2,10.0,11.0,4.0,2.0,2.0,12.0,2.0,0.0,4.0,8.0,21.0,11
22500214,CHI,DET,77.2,78.4,"('Ayo Dosunmu', 'Isaac Okoro', 'Matas Buzelis', 'Nikola Vučević', 'Tre Jones')",1.8333333333333337,4,4,7,1,2,1,3,0,1,0,0,4.0,5.0,2.0,2.0,0.0,4.0,2.0,0.0,0.0,2.0,9.0,11
22500214,CHI,DET,76.0,78.8,"('Ayo Dosunmu', 'Dalen Terry', 'Isaac Okoro', 'Jevon Carter', 'Patrick Williams')",0.5166666666666666,4,1,0,0,0,0,0,0,0,1,1,1.44,0.0,0.0,0.0,0.0,0.0,0.0,0.0,0.0,0.0,1.44,11
22500214,CHI,DET,76.6,78.6,"('Ayo Dosunmu', 'Isaac Okoro', 'Matas Buzelis', 'Patrick Williams', 'Tre Jones')",0.0,4,0,0,0,0,0,0,0,0,0,0,0.0,0.0,0.0,0.0,0.0,0.0,0.0,0.0,0.0,0.0,0.0,11
22500214,CHI,DET,77.6,78.6,"('Ayo Dosunmu', 'Matas Buzelis', 'Nikola Vučević', 'Patrick Williams', 'Tre Jones')",1.0166666666666666,4,2,2,0,1,1,0,1,1,1,1,3.0,2.0,0.0,2.0,2.0,2.0,0.0,0.0,2.0,2.0,5.0,11
22500214,CHI,DET,76.8,77.8,"('Dalen Terry', 'Isaac Okoro', 'Jevon Carter', 'Matas Buzelis', 'Patrick Williams')",0.8400000000000001,4,0,1,1,1,0,0,1,1,0,0,3.0,1.44,0.0,0.0,0.0,0.0,0.0,0.0,0.0,0.0,4.44,11
22500214,CHI,DET,77.6,78.4,"('Isaac Okoro', 'Kevin Huerter', 'Matas Buzelis', 'Nikola Vučević', 'Tre Jones')",1.1166666666666667,4,4,4,0,1,1,2,0,0,0,0,3.0,2.0,0.0,0.0,0.0,4.0,0.0,0.0,0.0,4.0,5.0,11
22500214,CHI,DET,77.0,77.8,"('Isaac Okoro', 'Kevin Huerter', 'Matas Buzelis', 'Patrick Williams', 'Tre Jones')",4.515,4,19,10,6,1,1,3,3,4,1,5,13.08,12.44,2.0,2.0,2.0,6.0,2.0,2.0,0.0,6.0,25.52,11
22500214,CHI,DET,77.6,78.6,"('Ayo Dosunmu', 'Isaac Okoro', 'Kevin Huerter', 'Matas Buzelis', 'Patrick Williams')",1.7666666666666666,4,4,5,3,3,0,1,1,0,2,2,5.88,5.44,2.0,0.0,0.0,2.0,0.0,2.0,0.0,4.0,11.32,11
22500214,CHI,DET,76.8,79.4,"('Ayo Dosunmu', 'Dalen Terry', 'Jalen Smith', 'Jevon Carter', 'Julian Phillips')",1.5483333333333331,1,6,6,2,1,2,2,0,0,1,0,3.0,4.44,0.0,0.0,0.0,0.0,0.0,0.0,0.0,2.0,7.439999999999999,11
22500214,CHI,DET,77.8,78.6,"('Ayo Dosunmu', 'Dalen Terry', 'Isaac Okoro', 'Nikola Vučević', 'Patrick Williams')",1.8666666666666667,1,1,3,3,2,0,1,2,1,0,0,4.44,4.0,0.0,0.0,0.0,0.0,3.0,0.0,0.0,0.0,8.440000000000001,11
22500214,CHI,DET,76.0,79.8,"('Isaac Okoro', 'Jevon Carter', 'Julian Phillips', 'Nikola Vučević', 'Tre Jones')",2.5333333333333337,2,4,6,2,4,1,1,0,0,0,2,4.44,5.0,0.0,0.0,0.0,0.0,0.0,0.0,2.0,6.0,9.44,11
22500214,CHI,DET,77.4,79.4,"('Isaac Okoro', 'Jalen Smith', 'Matas Buzelis', 'Patrick Williams', 'Tre Jones')",2.716666666666667,2,6,9,1,3,1,1,1,0,1,2,6.44,5.0,0.0,2.0,0.0,2.0,0.0,0.0,0.0,4.0,11.44,11
22500214,CHI,DET,78.6,78.0,"('Ayo Dosunmu', 'Kevin Huerter', 'Matas Buzelis', 'Nikola Vučević', 'Patrick Williams')",2.4166666666666665,2,9,7,2,0,2,1,0,1,0,0,4.0,4.0,0.0,0.0,4.0,6.0,0.0,0.0,0.0,2.0,8.0,11
22500214,CHI,DET,76.0,79.4,"('Isaac Okoro', 'Jevon Carter', 'Kevin Huerter', 'Nikola Vučević', 'Tre Jones')",0.7166666666666667,2,4,0,1,0,2,0,0,1,0,0,2.0,1.0,0.0,2.0,2.0,4.0,0.0,0.0,0.0,0.0,3.0,11
22500214,CHI,DET,77.4,78.2,"('Ayo Dosunmu', 'Jevon Carter', 'Kevin Huerter', 'Matas Buzelis', 'Nikola Vučević')",1.9666666666666668,2,3,6,1,0,1,0,3,0,0,1,4.0,4.0,0.0,0.0,0.0,0.0,4.0,4.0,0.0,6.0,8.0,11
22500214,CHI,DET,77.0,77.4,"('Isaac Okoro', 'Kevin Huerter', 'Matas Buzelis', 'Patrick Williams', 'Tre Jones')",0.8966666666666667,2,1,3,0,1,0,0,0,1,2,2,1.44,2.3200000000000003,0.0,0.0,0.0,0.0,0.0,0.0,0.0,0.0,3.76,11
22500214,CHI,DET,77.6,78.6,"('Isaac Okoro', 'Kevin Huerter', 'Matas Buzelis', 'Nikola Vučević', 'Tre Jones')",5.483333333333332,1,8,18,4,6,2,5,3,0,2,1,13.0,10.88,4.0,0.0,2.0,8.0,6.0,0.0,0.0,2.0,23.880000000000003,11
22500214,CHI,DET,76.8,79.4,"('Ayo Dosunmu', 'Dalen Terry', 'Jalen Smith', 'Jevon Carter', 'Patrick Williams')",3.05,1,8,8,3,6,1,2,0,2,2,1,8.0,8.440000000000001,0.0,3.0,0.0,2.0,0.0,0.0,3.0,4.0,16.44,11
22500240,CHI,UTA,78.2,79.4,"('Ayo Dosunmu', 'Coby White', 'Matas Buzelis', 'Nikola Vučević', 'Patrick Williams')",0.0,1,0,0,0,0,0,0,0,0,0,0,0.0,0.0,0.0,0.0,0.0,0.0,0.0,0.0,0.0,0.0,0.0,12
22500240,CHI,UTA,77.6,81.0,"('Ayo Dosunmu', 'Coby White', 'Jalen Smith', 'Julian Phillips', 'Patrick Williams')",4.271666666666666,1,16,11,7,3,4,2,3,1,3,3,12.44,13.32,5.0,3.0,0.0,4.0,4.0,4.0,0.0,8.0,25.76,12
22500240,CHI,UTA,78.4,80.4,"('Coby White', 'Isaac Okoro', 'Josh Giddey', 'Matas Buzelis', 'Nikola Vučević')",0.6666666666666666,1,0,2,1,1,0,0,0,0,0,0,2.0,2.0,0.0,0.0,0.0,0.0,0.0,0.0,0.0,2.0,4.0,12
22500240,CHI,UTA,77.8,79.4,"('Ayo Dosunmu', 'Coby White', 'Julian Phillips', 'Nikola Vučević', 'Patrick Williams')",0.8,1,2,3,1,2,1,0,0,0,0,0,2.0,2.44,0.0,0.0,0.0,2.0,0.0,0.0,2.0,2.0,4.44,12
22500240,CHI,UTA,78.8,80.4,"('Isaac Okoro', 'Josh Giddey', 'Kevin Huerter', 'Matas Buzelis', 'Nikola Vučević')",5.2,1,12,16,7,6,3,4,0,0,1,2,11.32,12.0,0.0,0.0,2.0,4.0,0.0,0.0,5.0,4.0,23.32,12
22500240,CHI,UTA,77.8,79.4,"('Ayo Dosunmu', 'Coby White', 'Isaac Okoro', 'Matas Buzelis', 'Nikola Vučević')",0.4666666666666667,1,3,1,0,0,1,0,0,0,1,0,1.0,0.44,0.0,0.0,3.0,0.0,0.0,0.0,0.0,0.0,1.44,12
22500240,CHI,UTA,78.4,79.6,"('Ayo Dosunmu', 'Isaac Okoro', 'Josh Giddey', 'Matas Buzelis', 'Nikola Vučević')",1.0499999999999998,6,0,3,0,1,0,1,1,0,1,0,2.0,1.0,0.0,0.0,0.0,0.0,0.0,0.0,0.0,0.0,3.0,12
22500240,CHI,UTA,78.4,78.8,"('Coby White', 'Isaac Okoro', 'Josh Giddey', 'Matas Buzelis', 'Nikola Vučević')",0.9383333333333336,5,0,2,0,1,0,0,1,2,1,0,2.0,3.88,0.0,0.0,0.0,0.0,0.0,0.0,0.0,0.0,5.88,12
22500240,CHI,UTA,78.8,78.8,"('Coby White', 'Josh Giddey', 'Kevin Huerter', 'Matas Buzelis', 'Nikola Vučević')",0.3633333333333333,5,4,0,0,0,1,0,0,0,0,0,2.0,0.0,0.0,2.0,0.0,4.0,0.0,0.0,0.0,0.0,2.0,12
22500240,CHI,UTA,78.8,79.6,"('Isaac Okoro', 'Josh Giddey', 'Kevin Huerter', 'Matas Buzelis', 'Nikola Vučević')",3.2166666666666663,5,5,7,2,2,1,0,1,1,1,1,6.44,6.0,0.0,0.0,0.0,4.0,2.0,0.0,0.0,2.0,12.44,12
22500240,CHI,UTA,78.8,79.8,"('Isaac Okoro', 'Josh Giddey', 'Matas Buzelis', 'Nikola Vučević', 'Patrick Williams')",0.05,4,0,0,1,0,0,0,0,0,0,0,0.0,1.0,0.0,0.0,0.0,0.0,0.0,0.0,0.0,0.0,1.0,12
22500240,CHI,UTA,78.4,79.6,"('Coby White', 'Isaac Okoro', 'Josh Giddey', 'Matas Buzelis', 'Nikola Vučević')",0.0866666666666667,4,1,2,0,0,0,1,0,0,0,0,0.44,1.0,0.0,0.0,0.0,0.0,0.0,0.0,0.0,0.0,1.44,12
22500240,CHI,UTA,78.8,79.8,"('Coby White', 'Josh Giddey', 'Kevin Huerter', 'Matas Buzelis', 'Nikola Vučević')",0.7283333333333334,4,2,1,1,2,1,0,0,0,1,0,2.0,1.44,0.0,0.0,0.0,2.0,0.0,0.0,0.0,0.0,3.44,12
22500240,CHI,UTA,78.6,79.2,"('Isaac Okoro', 'Jalen Smith', 'Josh Giddey', 'Kevin Huerter', 'Matas Buzelis')",3.2166666666666663,4,3,10,1,3,1,3,3,1,1,3,6.0,6.88,0.0,3.0,0.0,0.0,2.0,2.0,0.0,2.0,12.88,12
22500240,CHI,UTA,79.2,79.8,"('Josh Giddey', 'Kevin Huerter', 'Matas Buzelis', 'Nikola Vučević', 'Patrick Williams')",0.0,4,0,0,0,0,0,0,0,0,0,0,0.0,0.0,0.0,0.0,0.0,0.0,0.0,0.0,0.0,0.0,0.0,12
22500240,CHI,UTA,77.6,79.6,"('Ayo Dosunmu', 'Coby White', 'Isaac Okoro', 'Josh Giddey', 'Nikola Vučević')",4.741666666666666,4,13,10,4,4,3,1,1,0,1,3,9.76,8.440000000000001,0.0,0.0,0.0,0.0,0.0,2.0,0.0,2.0,18.200000000000003,12
22500240,CHI,UTA,77.4,80.0,"('Ayo Dosunmu', 'Coby White', 'Isaac Okoro', 'Kevin Huerter', 'Nikola Vučević')",0.9333333333333332,4,0,4,0,0,0,1,0,0,1,1,1.0,1.44,0.0,0.0,0.0,0.0,0.0,0.0,0.0,0.0,2.44,12
22500240,CHI,UTA,78.6,79.6,"('Ayo Dosunmu', 'Jalen Smith', 'Josh Giddey', 'Kevin Huerter', 'Matas Buzelis')",2.1333333333333337,4,10,6,3,2,4,1,0,0,2,0,5.0,4.88,4.0,0.0,0.0,4.0,0.0,0.0,0.0,4.0,9.88,12
22500240,CHI,UTA,77.8,81.2,"('Ayo Dosunmu', 'Coby White', 'Julian Phillips', 'Nikola Vučević', 'Patrick Williams')",2.85,3,6,11,0,3,2,2,1,0,1,1,5.44,5.88,0.0,0.0,0.0,2.0,2.0,2.0,2.0,6.0,11.32,12
22500240,CHI,UTA,78.8,80.6,"('Isaac Okoro', 'Josh Giddey', 'Kevin Huerter', 'Matas Buzelis', 'Nikola Vučević')",3.483333333333333,3,8,4,6,3,1,0,0,0,2,1,6.88,7.44,0.0,0.0,2.0,6.0,0.0,0.0,0.0,0.0,14.32,12
22500240,CHI,UTA,77.6,81.2,"('Ayo Dosunmu', 'Coby White', 'Jalen Smith', 'Julian Phillips', 'Patrick Williams')",0.8833333333333333,3,2,3,0,0,1,1,0,0,0,1,2.0,1.0,0.0,0.0,0.0,2.0,0.0,0.0,0.0,0.0,3.0,12
22500240,CHI,UTA,77.4,79.4,"('Ayo Dosunmu', 'Coby White', 'Isaac Okoro', 'Nikola Vučević', 'Patrick Williams')",0.0,3,0,0,0,0,0,0,0,0,0,0,0.0,0.0,0.0,0.0,0.0,0.0,0.0,0.0,0.0,0.0,0.0,12
22500240,CHI,UTA,78.6,79.6,"('Ayo Dosunmu', 'Julian Phillips', 'Kevin Huerter', 'Matas Buzelis', 'Nikola Vučević')",1.6,2,7,4,2,0,1,1,0,0,1,1,3.44,3.44,2.0,0.0,0.0,4.0,0.0,0.0,0.0,0.0,6.88,12
22500240,CHI,UTA,78.6,79.8,"('Isaac Okoro', 'Jalen Smith', 'Josh Giddey', 'Kevin Huerter', 'Matas Buzelis')",3.566666666666667,2,8,8,6,3,2,3,3,2,1,1,9.44,9.44,0.0,5.0,4.0,4.0,0.0,0.0,0.0,4.0,18.88,12
22500240,CHI,UTA,78.0,79.8,"('Coby White', 'Isaac Okoro', 'Josh Giddey', 'Kevin Huerter', 'Nikola Vučević')",3.4483333333333337,6,11,8,5,1,2,1,1,0,2,2,7.76,8.64,0.0,0.0,3.0,4.0,0.0,0.0,0.0,2.0,16.4,12
22500240,CHI,UTA,78.0,79.6,"('Coby White', 'Isaac Okoro', 'Josh Giddey', 'Nikola Vučević', 'Patrick Williams')",0.0,6,0,0,0,0,0,0,0,0,0,0,0.0,0.0,0.0,0.0,0.0,0.0,0.0,0.0,0.0,0.0,0.0,12
22500240,CHI,UTA,78.0,79.6,"('Ayo Dosunmu', 'Isaac Okoro', 'Josh Giddey', 'Nikola Vučević', 'Patrick Williams')",0.1066666666666666,6,0,3,0,0,0,1,0,0,0,0,0.0,1.0,0.0,0.0,0.0,0.0,0.0,0.0,0.0,0.0,1.0,12
22500240,CHI,UTA,77.6,79.6,"('Ayo Dosunmu', 'Coby White', 'Isaac Okoro', 'Josh Giddey', 'Nikola Vučević')",0.3333333333333333,6,0,0,0,0,0,0,0,0,2,0,0.0,0.0,0.0,0.0,0.0,0.0,0.0,0.0,0.0,0.0,0.0,12
22500240,CHI,UTA,78.2,79.8,"('Ayo Dosunmu', 'Isaac Okoro', 'Kevin Huerter', 'Matas Buzelis', 'Nikola Vučević')",0.95,2,3,0,2,2,1,0,0,0,0,0,3.0,2.0,3.0,0.0,0.0,0.0,0.0,0.0,0.0,0.0,5.0,12
22500240,CHI,UTA,78.0,79.8,"('Coby White', 'Isaac Okoro', 'Josh Giddey', 'Kevin Huerter', 'Nikola Vučević')",0.5033333333333334,2,4,2,1,1,1,0,0,0,0,1,1.88,2.0,0.0,0.0,0.0,2.0,0.0,0.0,2.0,2.0,3.88,12
22500240,CHI,UTA,78.2,81.4,"('Coby White', 'Isaac Okoro', 'Jalen Smith', 'Josh Giddey', 'Matas Buzelis')",0.7916666666666666,3,0,1,0,2,0,0,0,1,0,0,1.0,1.44,0.0,0.0,0.0,0.0,0.0,0.0,0.0,0.0,2.44,12
22500240,CHI,UTA,77.4,81.4,"('Ayo Dosunmu', 'Coby White', 'Isaac Okoro', 'Jalen Smith', 'Josh Giddey')",0.5766666666666667,3,1,4,0,1,0,1,0,0,1,0,1.44,2.0,0.0,0.0,0.0,0.0,0.0,2.0,0.0,4.0,3.44,12
22500240,CHI,UTA,78.4,79.8,"('Coby White', 'Isaac Okoro', 'Josh Giddey', 'Matas Buzelis', 'Nikola Vučević')",2.566666666666667,2,10,7,3,2,2,2,1,1,1,4,6.2,6.44,0.0,0.0,0.0,2.0,2.0,0.0,2.0,4.0,12.64,12
22500240,CHI,UTA,77.8,81.0,"('Ayo Dosunmu', 'Coby White', 'Julian Phillips', 'Nikola Vučević', 'Patrick Williams')",2.7666666666666666,2,5,7,3,4,2,2,0,0,1,0,6.0,5.44,0.0,0.0,0.0,2.0,0.0,3.0,0.0,0.0,11.44,12
22500240,CHI,UTA,78.4,80.6,"('Isaac Okoro', 'Josh Giddey', 'Kevin Huerter', 'Nikola Vučević', 'Patrick Williams')",2.2500000000000004,3,4,7,2,3,1,0,1,0,2,1,5.44,5.2,0.0,0.0,0.0,0.0,0.0,0.0,0.0,2.0,10.64,12
22500240,CHI,UTA,78.2,81.2,"('Ayo Dosunmu', 'Coby White', 'Jalen Smith', 'Josh Giddey', 'Matas Buzelis')",1.0833333333333337,3,7,3,2,1,2,1,0,0,1,2,2.88,2.44,0.0,0.0,2.0,2.0,0.0,0.0,0.0,2.0,5.32,12
22500248,CHI,DEN,76.4,77.2,"('Ayo Dosunmu', 'Dalen Terry', 'Jevon Carter', 'Julian Phillips', 'Patrick Williams')",1.0016666666666667,3,4,5,0,2,1,0,0,0,1,1,2.88,2.3200000000000003,0.0,0.0,0.0,0.0,0.0,0.0,2.0,2.0,5.2,13
22500248,CHI,DEN,77.0,79.2,"('Ayo Dosunmu', 'Jalen Smith', 'Jevon Carter', 'Josh Giddey', 'Patrick Williams')",0.4,3,1,0,1,1,0,0,0,0,0,0,1.44,1.0,0.0,0.0,0.0,0.0,0.0,0.0,0.0,0.0,2.44,13
22500248,CHI,DEN,78.0,79.2,"('Ayo Dosunmu', 'Isaac Okoro', 'Josh Giddey', 'Kevin Huerter', 'Nikola Vučević')",0.165,4,3,3,0,0,0,0,0,0,1,1,1.32,2.0,0.0,0.0,0.0,0.0,0.0,0.0,0.0,0.0,3.3200000000000003,13
22500248,CHI,DEN,78.8,78.2,"('Ayo Dosunmu', 'Josh Giddey', 'Kevin Huerter', 'Matas Buzelis', 'Nikola Vučević')",4.775,4,13,11,6,3,2,2,1,1,1,3,10.44,9.88,2.0,2.0,3.0,6.0,0.0,0.0,0.0,6.0,20.32,13
22500248,CHI,DEN,76.8,77.2,"('Ayo Dosunmu', 'Dalen Terry', 'Jalen Smith', 'Jevon Carter', 'Patrick Williams')",2.9,3,12,5,6,2,2,0,2,1,2,2,10.32,8.44,4.0,0.0,3.0,6.0,2.0,2.0,0.0,4.0,18.76,13
22500248,CHI,DEN,79.0,79.0,"('Jalen Smith', 'Josh Giddey', 'Kevin Huerter', 'Matas Buzelis', 'Patrick Williams')",2.1166666666666667,4,4,8,3,1,0,3,1,1,0,1,4.88,5.44,0.0,0.0,2.0,2.0,0.0,0.0,0.0,4.0,10.32,13
22500248,CHI,DEN,77.0,77.8,"('Ayo Dosunmu', 'Dalen Terry', 'Jevon Carter', 'Julian Phillips', 'Nikola Vučević')",4.4499999999999975,4,7,10,5,7,2,0,1,0,1,1,8.0,9.0,0.0,0.0,0.0,4.0,0.0,2.0,0.0,2.0,17.0,13
22500248,CHI,DEN,78.2,79.0,"('Ayo Dosunmu', 'Dalen Terry', 'Jalen Smith', 'Josh Giddey', 'Patrick Williams')",0.3833333333333333,4,0,2,0,1,0,0,0,0,1,0,1.0,0.88,0.0,0.0,0.0,0.0,0.0,0.0,0.0,0.0,1.88,13
22500248,CHI,DEN,78.4,79.8,"('Ayo Dosunmu', 'Isaac Okoro', 'Josh Giddey', 'Matas Buzelis', 'Nikola Vučević')",2.316666666666667,3,8,4,4,2,2,0,0,0,0,1,4.44,5.0,2.0,0.0,0.0,4.0,0.0,0.0,2.0,4.0,9.44,13
22500248,CHI,DEN,78.8,79.8,"('Isaac Okoro', 'Josh Giddey', 'Kevin Huerter', 'Matas Buzelis', 'Nikola Vučević')",5.266666666666667,3,15,15,3,6,5,3,0,0,1,1,10.44,9.0,0.0,0.0,0.0,8.0,0.0,0.0,4.0,8.0,19.44,13
22500248,CHI,DEN,79.0,79.8,"('Jalen Smith', 'Josh Giddey', 'Kevin Huerter', 'Matas Buzelis', 'Patrick Williams')",2.5516666666666667,2,7,9,1,3,2,2,0,0,1,0,5.0,4.0,0.0,0.0,0.0,0.0,0.0,3.0,3.0,0.0,9.0,13
22500248,CHI,DEN,78.8,79.8,"('Isaac Okoro', 'Josh Giddey', 'Kevin Huerter', 'Matas Buzelis', 'Nikola Vučević')",4.033333333333332,2,6,18,4,6,1,5,1,0,2,1,10.0,10.32,0.0,0.0,2.0,6.0,2.0,0.0,2.0,8.0,20.32,13
22500248,CHI,DEN,76.8,78.6,"('Ayo Dosunmu', 'Dalen Terry', 'Jalen Smith', 'Jevon Carter', 'Julian Phillips')",5.199999999999999,2,20,7,7,4,6,0,0,3,2,1,10.0,10.44,7.0,8.0,5.0,8.0,0.0,0.0,2.0,2.0,20.44,13
22500248,CHI,DEN,78.4,79.8,"('Isaac Okoro', 'Josh Giddey', 'Kevin Huerter', 'Nikola Vučević', 'Patrick Williams')",0.0,3,0,0,0,0,0,0,0,0,0,0,0.0,0.0,0.0,0.0,0.0,0.0,0.0,0.0,0.0,0.0,0.0,13
22500248,CHI,DEN,78.8,79.8,"('Isaac Okoro', 'Josh Giddey', 'Kevin Huerter', 'Matas Buzelis', 'Nikola Vučević')",4.75,1,5,11,4,8,1,2,1,1,2,1,10.0,10.32,0.0,0.0,0.0,2.0,0.0,0.0,3.0,2.0,20.32,13
22500248,CHI,DEN,76.8,78.2,"('Ayo Dosunmu', 'Dalen Terry', 'Jalen Smith', 'Jevon Carter', 'Patrick Williams')",4.04,1,12,6,5,5,3,1,1,1,2,0,10.0,8.88,0.0,3.0,3.0,0.0,2.0,0.0,0.0,2.0,18.880000000000003,13
22500248,CHI,DEN,78.8,79.8,"('Isaac Okoro', 'Josh Giddey', 'Matas Buzelis', 'Nikola Vučević', 'Patrick Williams')",3.166666666666667,1,13,11,4,1,4,3,1,0,1,0,7.44,7.44,3.0,0.0,2.0,4.0,0.0,0.0,0.0,4.0,14.88,13
22500248,CHI,DEN,78.2,79.0,"('Isaac Okoro', 'Jalen Smith', 'Josh Giddey', 'Kevin Huerter', 'Patrick Williams')",0.1866666666666666,2,0,2,0,1,0,0,0,0,0,0,1.0,0.88,0.0,0.0,0.0,0.0,0.0,0.0,0.0,0.0,1.88,13
22500263,CHI,POR,76.4,80.2,"('Ayo Dosunmu', 'Coby White', 'Jevon Carter', 'Matas Buzelis', 'Patrick Williams')",2.616666666666667,2,5,4,2,4,2,1,1,1,1,1,6.0,6.0,3.0,2.0,0.0,2.0,2.0,0.0,2.0,4.0,12.0,14
22500263,CHI,POR,78.8,80.2,"('Ayo Dosunmu', 'Josh Giddey', 'Kevin Huerter', 'Matas Buzelis', 'Nikola Vučević')",0.8833333333333333,2,2,5,0,2,1,1,0,0,0,0,2.0,2.44,0.0,0.0,0.0,2.0,0.0,0.0,2.0,4.0,4.44,14
22500263,CHI,POR,78.0,79.2,"('Ayo Dosunmu', 'Coby White', 'Josh Giddey', 'Kevin Huerter', 'Nikola Vučević')",0.8,2,0,4,0,2,0,2,2,1,1,0,3.0,4.0,0.0,0.0,0.0,0.0,4.0,4.0,0.0,4.0,7.0,14
22500263,CHI,POR,77.6,79.4,"('Ayo Dosunmu', 'Coby White', 'Dalen Terry', 'Jalen Smith', 'Patrick Williams')",2.9333333333333336,3,2,4,4,6,1,0,1,2,2,1,9.0,7.88,0.0,0.0,0.0,2.0,0.0,0.0,0.0,2.0,16.88,14
22500263,CHI,POR,78.8,80.0,"('Isaac Okoro', 'Josh Giddey', 'Kevin Huerter', 'Matas Buzelis', 'Nikola Vučević')",5.566666666666665,3,19,13,4,6,5,0,2,2,2,4,15.32,11.88,3.0,0.0,3.0,2.0,3.0,0.0,2.0,6.0,27.200000000000003,14
22500263,CHI,POR,76.8,79.4,"('Coby White', 'Dalen Terry', 'Jalen Smith', 'Jevon Carter', 'Patrick Williams')",1.0133333333333332,3,5,2,1,1,1,1,1,0,0,0,3.0,3.0,0.0,0.0,3.0,2.0,0.0,0.0,2.0,2.0,6.0,14
22500263,CHI,POR,78.4,80.0,"('Coby White', 'Isaac Okoro', 'Josh Giddey', 'Matas Buzelis', 'Nikola Vučević')",2.083333333333333,3,10,5,2,1,3,2,1,0,1,0,5.0,4.44,3.0,0.0,0.0,4.0,0.0,0.0,0.0,4.0,9.44,14
22500263,CHI,POR,78.4,80.8,"('Coby White', 'Isaac Okoro', 'Jalen Smith', 'Josh Giddey', 'Nikola Vučević')",0.0,4,0,1,0,0,0,0,0,0,0,0,0.0,0.44,0.0,0.0,0.0,0.0,0.0,0.0,0.0,0.0,0.44,14
22500263,CHI,POR,76.6,80.8,"('Ayo Dosunmu', 'Isaac Okoro', 'Jalen Smith', 'Jevon Carter', 'Josh Giddey')",1.7333333333333336,4,4,9,1,2,1,2,0,1,1,0,4.0,4.44,2.0,2.0,2.0,4.0,0.0,2.0,0.0,2.0,8.440000000000001,14
22500263,CHI,POR,77.4,80.8,"('Ayo Dosunmu', 'Coby White', 'Isaac Okoro', 'Kevin Huerter', 'Nikola Vučević')",1.5833333333333337,4,1,6,1,2,0,1,0,0,1,1,2.44,3.44,0.0,0.0,0.0,0.0,0.0,0.0,0.0,2.0,5.88,14
22500263,CHI,POR,76.4,79.2,"('Coby White', 'Dalen Terry', 'Isaac Okoro', 'Jalen Smith', 'Jevon Carter')",2.0,4,7,5,0,2,3,0,0,2,3,0,4.0,4.2,2.0,5.0,0.0,2.0,0.0,0.0,0.0,0.0,8.2,14
22500263,CHI,POR,77.6,80.8,"('Ayo Dosunmu', 'Coby White', 'Isaac Okoro', 'Josh Giddey', 'Nikola Vučević')",3.661666666666666,4,4,11,3,7,1,4,2,0,1,1,8.879999999999999,8.0,0.0,0.0,0.0,2.0,2.0,2.0,7.0,8.0,16.88,14
22500263,CHI,POR,77.8,80.8,"('Coby White', 'Isaac Okoro', 'Josh Giddey', 'Matas Buzelis', 'Patrick Williams')",0.0066666666666666,4,0,0,0,0,0,0,0,0,1,0,0.0,1.0,0.0,0.0,0.0,0.0,0.0,0.0,0.0,0.0,1.0,14
22500263,CHI,POR,78.8,80.8,"('Ayo Dosunmu', 'Josh Giddey', 'Kevin Huerter', 'Matas Buzelis', 'Nikola Vučević')",2.2166666666666672,4,2,5,0,5,0,2,0,0,1,0,4.0,4.44,0.0,0.0,0.0,2.0,0.0,0.0,2.0,4.0,8.44,14
22500263,CHI,POR,78.8,79.2,"('Coby White', 'Josh Giddey', 'Kevin Huerter', 'Matas Buzelis', 'Nikola Vučević')",0.1199999999999999,4,3,0,0,0,1,0,0,0,0,1,1.0,0.0,0.0,0.0,0.0,0.0,0.0,0.0,0.0,0.0,1.0,14
22500263,CHI,POR,78.4,80.8,"('Coby White', 'Isaac Okoro', 'Josh Giddey', 'Matas Buzelis', 'Nikola Vučević')",0.6366666666666666,4,3,2,1,0,1,0,1,0,1,0,3.0,1.88,3.0,0.0,0.0,0.0,0.0,0.0,0.0,0.0,4.88,14
22500263,CHI,POR,76.4,78.2,"('Ayo Dosunmu', 'Coby White', 'Dalen Terry', 'Jalen Smith', 'Jevon Carter')",3.373333333333334,1,11,6,2,5,3,1,0,2,1,1,7.0,8.440000000000001,0.0,6.0,0.0,2.0,0.0,0.0,3.0,2.0,15.44,14
22500263,CHI,POR,78.8,80.0,"('Dalen Terry', 'Josh Giddey', 'Kevin Huerter', 'Nikola Vučević', 'Patrick Williams')",2.1166666666666667,1,2,5,2,4,0,1,0,0,0,0,4.0,4.0,0.0,0.0,0.0,2.0,0.0,2.0,3.0,2.0,8.0,14
22500263,CHI,POR,78.0,79.2,"('Coby White', 'Isaac Okoro', 'Josh Giddey', 'Kevin Huerter', 'Nikola Vučević')",2.171666666666667,2,6,7,2,1,2,2,1,0,1,0,4.0,4.88,0.0,0.0,0.0,0.0,2.0,0.0,2.0,2.0,8.879999999999999,14
22500263,CHI,POR,77.8,79.2,"('Ayo Dosunmu', 'Coby White', 'Dalen Terry', 'Julian Phillips', 'Nikola Vučević')",2.816666666666667,2,16,5,3,5,5,1,0,2,1,4,8.32,7.44,2.0,6.0,2.0,10.0,0.0,0.0,4.0,4.0,15.760000000000002,14
22500263,CHI,POR,79.2,79.6,"('Dalen Terry', 'Josh Giddey', 'Julian Phillips', 'Matas Buzelis', 'Nikola Vučević')",0.8833333333333333,2,2,0,2,0,0,0,0,0,0,1,1.0,2.0,0.0,0.0,0.0,2.0,0.0,0.0,0.0,0.0,3.0,14
22500263,CHI,POR,78.8,80.4,"('Isaac Okoro', 'Josh Giddey', 'Kevin Huerter', 'Matas Buzelis', 'Nikola Vučević')",2.2333333333333334,1,2,10,1,2,1,3,2,1,1,0,5.0,6.0,0.0,2.0,0.0,0.0,5.0,2.0,2.0,4.0,11.0,14
22500263,CHI,POR,77.6,79.8,"('Ayo Dosunmu', 'Coby White', 'Dalen Terry', 'Jalen Smith', 'Patrick Williams')",0.5833333333333334,1,0,0,0,1,0,0,0,0,1,0,0.0,2.0,0.0,0.0,0.0,0.0,0.0,0.0,0.0,0.0,2.0,14
22500263,CHI,POR,78.4,80.4,"('Isaac Okoro', 'Josh Giddey', 'Kevin Huerter', 'Nikola Vučević', 'Patrick Williams')",3.45,1,13,8,6,3,4,2,0,0,2,1,9.0,10.0,3.0,0.0,0.0,4.0,0.0,0.0,0.0,2.0,19.0,14
22500263,CHI,POR,78.4,80.0,"('Coby White', 'Dalen Terry', 'Josh Giddey', 'Julian Phillips', 'Nikola Vučević')",0.7833333333333334,2,0,2,1,1,0,0,1,1,2,0,3.0,3.0,0.0,0.0,0.0,0.0,0.0,0.0,0.0,2.0,6.0,14
22500263,CHI,POR,79.2,79.6,"('Josh Giddey', 'Julian Phillips', 'Kevin Huerter', 'Matas Buzelis', 'Nikola Vučević')",0.8999999999999999,2,3,2,0,2,1,1,1,0,1,0,2.0,1.0,0.0,0.0,0.0,0.0,2.0,0.0,2.0,2.0,3.0,14
