game_id,team,opponent,team_avg_height,opp_avg_height,lineup,minutes_played,period,points,opp_points,rebounds,opp_rebounds,assists,opp_assists,turnovers,opp_turnovers,fouls_committed,fouls_drawn,possessions,opp_possessions,game_number
22500003,CLE,NYK,78.4,78.8,"('Donovan Mitchell', 'Evan Mobley', 'Jarrett Allen', 'Jaylon Tyson', 'Sam Merrill')",4.866666666666667,1,10,14,2,6,2,4,1,2,2,2,10.0,10.88,1
22500003,CLE,NYK,78.4,77.4,"('Craig Porter Jr.', 'Dean Wade', 'Evan Mobley', 'Jaylon Tyson', 'Lonzo Ball')",2.2333333333333334,1,3,8,2,2,1,0,1,0,2,0,4.0,4.88,1
22500003,CLE,NYK,77.2,77.2,"('Craig Porter Jr.', 'Dean Wade', 'Donovan Mitchell', 'Jarrett Allen', 'Lonzo Ball')",2.57,1,7,8,0,2,2,1,0,1,1,1,5.0,5.32,1
22500003,CLE,NYK,79.0,78.8,"('Dean Wade', 'Evan Mobley', 'Jaylon Tyson', 'Lonzo Ball', 'Sam Merrill')",2.25,1,3,3,3,5,1,1,1,0,0,0,5.0,4.0,1
22500003,CLE,NYK,79.0,77.4,"('Dean Wade', 'Evan Mobley', 'Larry Nance Jr.', 'Lonzo Ball', 'Sam Merrill')",1.833333333333334,2,5,5,3,2,1,1,0,0,1,0,4.0,3.88,1
22500003,CLE,NYK,79.2,77.4,"('Dean Wade', 'Evan Mobley', 'Jaylon Tyson', 'Larry Nance Jr.', 'Sam Merrill')",0.5499999999999999,2,0,0,1,0,0,0,1,1,0,0,1.0,2.0,1
22500003,CLE,NYK,77.4,78.6,"('Donovan Mitchell', 'Jarrett Allen', 'Jaylon Tyson', 'Larry Nance Jr.', 'Tyrese Proctor')",0.8999999999999999,2,0,1,0,2,0,0,0,0,1,0,1.0,1.44,1
22500003,CLE,NYK,76.4,78.6,"('Craig Porter Jr.', 'Donovan Mitchell', 'Jarrett Allen', 'Larry Nance Jr.', 'Tyrese Proctor')",1.8666666666666667,2,4,7,0,2,1,1,0,0,1,0,3.0,3.0,1
22500003,CLE,NYK,77.8,78.6,"('Donovan Mitchell', 'Evan Mobley', 'Jaylon Tyson', 'Larry Nance Jr.', 'Tyrese Proctor')",2.0,2,6,3,1,0,2,0,1,1,1,2,5.44,3.44,1
22500003,CLE,NYK,79.0,77.8,"('Dean Wade', 'Donovan Mitchell', 'Evan Mobley', 'Jarrett Allen', 'Sam Merrill')",0.0333333333333333,2,0,0,0,0,0,0,0,0,0,0,0.0,1.0,1
22500003,CLE,NYK,79.2,79.4,"('Dean Wade', 'Evan Mobley', 'Jaylon Tyson', 'Larry Nance Jr.', 'Tyrese Proctor')",1.1833333333333331,2,5,0,3,0,2,0,1,0,0,0,3.0,3.0,1
22500003,CLE,NYK,78.2,77.8,"('Donovan Mitchell', 'Evan Mobley', 'Jarrett Allen', 'Lonzo Ball', 'Sam Merrill')",1.6883333333333337,2,4,6,1,3,0,1,1,2,0,2,6.88,5.88,1
22500003,CLE,NYK,77.4,77.6,"('Donovan Mitchell', 'Jarrett Allen', 'Jaylon Tyson', 'Larry Nance Jr.', 'Tyrese Proctor')",1.7500000000000002,4,2,8,0,4,0,2,0,0,1,0,3.0,3.44,1
22500003,CLE,NYK,78.2,77.8,"('Dean Wade', 'Donovan Mitchell', 'Evan Mobley', 'Lonzo Ball', 'Sam Merrill')",1.7333333333333332,2,3,10,0,3,1,2,1,0,2,0,5.0,4.76,1
22500003,CLE,NYK,79.0,77.6,"('Dean Wade', 'Evan Mobley', 'Jaylon Tyson', 'Lonzo Ball', 'Sam Merrill')",1.2333333333333334,4,5,2,1,0,1,0,0,0,0,1,2.0,2.0,1
22500003,CLE,NYK,78.2,76.4,"('Dean Wade', 'Donovan Mitchell', 'Evan Mobley', 'Lonzo Ball', 'Sam Merrill')",2.2,4,6,4,1,2,0,1,2,1,1,2,6.0,5.0,1
22500003,CLE,NYK,79.6,77.8,"('Dean Wade', 'Evan Mobley', 'Jarrett Allen', 'Lonzo Ball', 'Sam Merrill')",0.1166666666666666,4,0,0,0,0,0,0,0,0,1,0,0.0,1.0,1
22500003,CLE,NYK,79.6,78.8,"('Dean Wade', 'Evan Mobley', 'Jarrett Allen', 'Lonzo Ball', 'Sam Merrill')",0.5333333333333333,3,2,0,1,1,0,0,0,1,0,0,2.0,1.0,1
22500003,CLE,NYK,77.2,77.6,"('Donovan Mitchell', 'Jarrett Allen', 'Larry Nance Jr.', 'Lonzo Ball', 'Tyrese Proctor')",2.085,3,5,2,3,2,0,0,0,0,0,1,6.0,5.0,1
22500003,CLE,NYK,79.8,77.6,"('Dean Wade', 'Evan Mobley', 'Jarrett Allen', 'Larry Nance Jr.', 'Tyrese Proctor')",0.325,3,1,0,1,0,0,0,0,0,0,0,0.44,1.0,1
22500003,CLE,NYK,79.0,77.0,"('Dean Wade', 'Evan Mobley', 'Larry Nance Jr.', 'Lonzo Ball', 'Tyrese Proctor')",1.0333333333333334,3,4,0,2,0,1,0,0,0,0,1,2.44,3.0,1
22500003,CLE,NYK,78.0,77.8,"('Donovan Mitchell', 'Evan Mobley', 'Jarrett Allen', 'Sam Merrill', 'Tyrese Proctor')",0.5333333333333333,4,0,1,0,1,0,0,0,1,0,1,1.0,1.44,1
22500003,CLE,NYK,78.6,77.8,"('Evan Mobley', 'Jarrett Allen', 'Lonzo Ball', 'Sam Merrill', 'Tyrese Proctor')",0.75,4,2,2,0,1,0,0,0,0,1,1,1.88,1.88,1
22500003,CLE,NYK,77.2,77.2,"('Dean Wade', 'Donovan Mitchell', 'Larry Nance Jr.', 'Lonzo Ball', 'Tyrese Proctor')",1.7166666666666666,3,5,6,0,1,1,2,1,1,0,1,4.44,4.0,1
22500003,CLE,NYK,77.8,77.6,"('Donovan Mitchell', 'Evan Mobley', 'Jaylon Tyson', 'Larry Nance Jr.', 'Tyrese Proctor')",1.45,4,0,6,0,1,0,1,2,0,2,0,3.0,2.88,1
22500003,CLE,NYK,79.0,77.8,"('Dean Wade', 'Donovan Mitchell', 'Evan Mobley', 'Jarrett Allen', 'Sam Merrill')",2.708333333333333,4,9,8,2,1,2,2,1,0,2,2,6.32,6.32,1
22500003,CLE,NYK,78.2,76.4,"('Dean Wade', 'Donovan Mitchell', 'Evan Mobley', 'Lonzo Ball', 'Tyrese Proctor')",0.1733333333333333,4,0,1,0,1,0,0,0,0,0,0,1.0,1.44,1
22500003,CLE,NYK,77.8,77.4,"('Dean Wade', 'Donovan Mitchell', 'Jarrett Allen', 'Lonzo Ball', 'Sam Merrill')",0.9333333333333332,4,0,0,0,2,0,0,0,0,1,1,2.0,1.0,1
22500003,CLE,NYK,79.0,78.8,"('Dean Wade', 'Donovan Mitchell', 'Evan Mobley', 'Jarrett Allen', 'Sam Merrill')",4.466666666666667,3,12,12,3,4,2,3,1,2,2,3,10.0,11.88,1
22500003,CLE,NYK,78.4,79.8,"('Donovan Mitchell', 'Evan Mobley', 'Jarrett Allen', 'Jaylon Tyson', 'Sam Merrill')",1.6333333333333333,3,8,2,2,0,1,0,0,0,3,2,3.44,2.88,1
22500007,CLE,DET,79.6,79.2,"(""De'Andre Hunter"", 'Dean Wade', 'Donovan Mitchell', 'Evan Mobley', 'Jarrett Allen')",0.1233333333333333,3,0,0,0,1,0,0,0,0,0,0,0.0,1.0,2
22500007,CLE,DET,79.2,78.6,"('Craig Porter Jr.', 'Dean Wade', 'Evan Mobley', 'Jarrett Allen', 'Jaylon Tyson')",0.3,3,0,1,0,0,0,0,0,0,1,0,0.0,0.44,2
22500007,CLE,DET,78.4,79.6,"('Craig Porter Jr.', ""De'Andre Hunter"", 'Dean Wade', 'Evan Mobley', 'Sam Merrill')",0.5333333333333333,2,2,0,1,0,0,0,0,0,0,1,1.88,1.0,2
22500007,CLE,DET,77.4,78.8,"('Craig Porter Jr.', 'Dean Wade', 'Donovan Mitchell', 'Jarrett Allen', 'Jaylon Tyson')",3.588333333333333,3,12,9,3,2,2,2,2,3,1,5,9.2,8.0,2
22500007,CLE,DET,78.6,79.6,"(""De'Andre Hunter"", 'Donovan Mitchell', 'Evan Mobley', 'Jarrett Allen', 'Sam Merrill')",5.0666666666666655,1,14,16,5,5,5,3,1,1,3,3,11.32,11.32,2
22500007,CLE,DET,77.4,78.6,"('Craig Porter Jr.', 'Dean Wade', 'Donovan Mitchell', 'Jarrett Allen', 'Jaylon Tyson')",3.1916666666666664,1,10,0,6,1,2,0,1,4,0,3,7.88,8.0,2
22500007,CLE,DET,78.4,79.6,"('Craig Porter Jr.', ""De'Andre Hunter"", 'Dean Wade', 'Evan Mobley', 'Sam Merrill')",1.0333333333333332,1,3,2,0,1,1,0,0,1,0,0,2.0,2.0,2
22500007,CLE,DET,79.0,78.6,"('Dean Wade', 'Donovan Mitchell', 'Evan Mobley', 'Jarrett Allen', 'Sam Merrill')",0.835,2,4,1,1,0,1,0,0,0,0,0,2.0,1.44,2
22500007,CLE,DET,79.4,78.6,"('Dean Wade', 'Donovan Mitchell', 'Evan Mobley', 'Jarrett Allen', 'Jaylon Tyson')",0.2383333333333333,1,1,0,0,0,0,0,0,0,0,0,0.44,1.0,2
22500007,CLE,DET,78.8,79.8,"('Craig Porter Jr.', ""De'Andre Hunter"", 'Dean Wade', 'Evan Mobley', 'Jaylon Tyson')",2.333333333333333,1,5,6,3,3,2,1,0,0,1,1,6.0,4.44,2
22500007,CLE,DET,78.8,79.6,"('Craig Porter Jr.', ""De'Andre Hunter"", 'Dean Wade', 'Evan Mobley', 'Larry Nance Jr.')",2.3,2,5,0,5,2,1,0,0,1,1,3,3.88,5.0,2
22500007,CLE,DET,78.6,78.6,"(""De'Andre Hunter"", 'Donovan Mitchell', 'Evan Mobley', 'Jarrett Allen', 'Sam Merrill')",2.22,2,9,5,2,0,2,2,0,0,1,3,5.76,5.0,2
22500007,CLE,DET,78.8,79.6,"('Craig Porter Jr.', ""De'Andre Hunter"", 'Dean Wade', 'Evan Mobley', 'Jaylon Tyson')",1.2833333333333332,3,0,3,0,2,0,1,1,2,1,0,3.0,3.44,2
22500007,CLE,DET,77.2,77.8,"('Craig Porter Jr.', 'Donovan Mitchell', 'Evan Mobley', 'Jaylon Tyson', 'Larry Nance Jr.')",5.149999999999998,4,18,9,4,1,3,2,3,4,2,1,11.88,12.0,2
22500007,CLE,DET,78.2,78.6,"('Jaylon Tyson', 'Larry Nance Jr.', 'Luke Travers', 'Thomas Bryant', 'Tyrese Proctor')",6.274999999999999,4,8,20,4,12,2,4,3,2,6,1,15.44,16.2,2
22500007,CLE,DET,78.4,79.6,"('Craig Porter Jr.', ""De'Andre Hunter"", 'Dean Wade', 'Jarrett Allen', 'Jaylon Tyson')",1.15,3,0,5,0,3,0,2,2,0,0,0,2.0,3.0,2
22500007,CLE,DET,77.8,78.8,"('Donovan Mitchell', 'Evan Mobley', 'Jaylon Tyson', 'Larry Nance Jr.', 'Tyrese Proctor')",3.233333333333333,2,3,2,3,8,0,0,1,2,3,3,7.44,6.88,2
22500007,CLE,DET,78.0,79.0,"('Craig Porter Jr.', ""De'Andre Hunter"", 'Dean Wade', 'Jarrett Allen', 'Sam Merrill')",2.6999999999999997,2,7,9,2,4,2,2,1,2,2,1,7.88,8.88,2
22500007,CLE,DET,78.6,79.6,"(""De'Andre Hunter"", 'Donovan Mitchell', 'Evan Mobley', 'Jarrett Allen', 'Sam Merrill')",5.38333333333333,3,15,7,9,3,2,1,4,3,3,4,13.88,13.88,2
22500022,CLE,TOR,78.6,77.2,"('Craig Porter Jr.', 'Evan Mobley', 'Jaylon Tyson', 'Luke Travers', 'Thomas Bryant')",3.533333333333333,2,6,5,5,4,2,2,1,1,1,0,7.0,8.0,3
22500022,CLE,TOR,79.6,78.2,"(""De'Andre Hunter"", 'Dean Wade', 'Evan Mobley', 'Larry Nance Jr.', 'Lonzo Ball')",0.5416666666666666,4,3,4,1,1,1,1,0,0,0,0,2.0,2.0,3
22500022,CLE,TOR,79.2,78.4,"('Evan Mobley', 'Jaylon Tyson', 'Luke Travers', 'Thomas Bryant', 'Tyrese Proctor')",1.7833333333333334,2,2,7,2,0,1,2,1,0,1,0,3.0,3.88,3
22500022,CLE,TOR,79.6,78.6,"(""De'Andre Hunter"", 'Dean Wade', 'Evan Mobley', 'Larry Nance Jr.', 'Lonzo Ball')",4.378333333333333,2,8,6,4,6,1,0,1,0,2,2,9.0,8.76,3
22500022,CLE,TOR,77.8,77.6,"('Craig Porter Jr.', ""De'Andre Hunter"", 'Dean Wade', 'Larry Nance Jr.', 'Luke Travers')",3.0500000000000003,3,9,8,0,0,2,1,2,1,3,2,6.32,6.88,3
22500022,CLE,TOR,78.6,77.0,"(""De'Andre Hunter"", 'Dean Wade', 'Jaylon Tyson', 'Larry Nance Jr.', 'Lonzo Ball')",1.15,2,3,0,2,3,1,0,0,0,0,0,3.0,2.0,3
22500022,CLE,TOR,78.0,78.0,"('Craig Porter Jr.', 'Evan Mobley', 'Jaylon Tyson', 'Larry Nance Jr.', 'Luke Travers')",2.0500000000000003,3,4,11,1,2,1,4,1,1,0,2,5.44,5.0,3
22500022,CLE,TOR,78.2,78.0,"('Craig Porter Jr.', ""De'Andre Hunter"", 'Evan Mobley', 'Jaylon Tyson', 'Larry Nance Jr.')",0.0,3,0,0,0,0,0,0,0,0,0,0,0.0,0.0,3
22500022,CLE,TOR,78.8,77.6,"('Craig Porter Jr.', ""De'Andre Hunter"", 'Dean Wade', 'Evan Mobley', 'Luke Travers')",0.9566666666666668,3,0,8,0,4,0,3,0,0,1,0,3.0,3.44,3
22500022,CLE,TOR,77.4,77.8,"('Craig Porter Jr.', ""De'Andre Hunter"", 'Jaylon Tyson', 'Thomas Bryant', 'Tyrese Proctor')",1.1166666666666667,4,4,2,2,2,1,0,0,0,2,1,3.0,1.88,3
22500022,CLE,TOR,79.2,78.0,"(""De'Andre Hunter"", 'Dean Wade', 'Evan Mobley', 'Lonzo Ball', 'Tyrese Proctor')",1.1333333333333333,4,1,3,2,1,0,1,1,0,0,1,2.44,2.44,3
22500022,CLE,TOR,78.2,77.6,"('Craig Porter Jr.', 'Evan Mobley', 'Jaylon Tyson', 'Thomas Bryant', 'Tyrese Proctor')",1.95,4,7,3,0,2,1,1,0,2,1,2,5.44,5.44,3
22500022,CLE,TOR,79.6,78.2,"(""De'Andre Hunter"", 'Dean Wade', 'Evan Mobley', 'Jaylon Tyson', 'Lonzo Ball')",3.536666666666666,4,5,10,4,2,1,2,1,1,1,1,6.44,6.88,3
22500022,CLE,TOR,77.2,77.2,"('Craig Porter Jr.', ""De'Andre Hunter"", 'Jaylon Tyson', 'Larry Nance Jr.', 'Luke Travers')",0.95,2,2,0,2,1,1,0,0,0,0,0,2.0,2.0,3
22500022,CLE,TOR,77.4,78.2,"('Craig Porter Jr.', ""De'Andre Hunter"", 'Dean Wade', 'Larry Nance Jr.', 'Tyrese Proctor')",4.166666666666666,1,4,8,1,4,0,2,2,4,0,2,11.44,7.44,3
22500022,CLE,TOR,79.6,78.2,"(""De'Andre Hunter"", 'Dean Wade', 'Evan Mobley', 'Jaylon Tyson', 'Lonzo Ball')",4.999999999999998,1,13,11,7,3,4,3,2,0,0,2,9.88,9.0,3
22500022,CLE,TOR,77.8,77.8,"('Craig Porter Jr.', ""De'Andre Hunter"", 'Evan Mobley', 'Larry Nance Jr.', 'Tyrese Proctor')",0.0333333333333333,1,0,2,0,0,0,1,0,0,1,0,0.0,1.0,3
22500022,CLE,TOR,79.6,78.4,"(""De'Andre Hunter"", 'Dean Wade', 'Evan Mobley', 'Jaylon Tyson', 'Lonzo Ball')",5.766666666666664,3,21,6,6,4,5,0,0,4,1,2,13.32,13.44,3
22500022,CLE,TOR,77.8,77.4,"('Craig Porter Jr.', 'Evan Mobley', 'Jaylon Tyson', 'Larry Nance Jr.', 'Lonzo Ball')",2.5,1,5,9,0,3,1,2,0,0,0,1,3.88,4.0,3
22500022,CLE,TOR,78.2,78.2,"(""De'Andre Hunter"", 'Jaylon Tyson', 'Lonzo Ball', 'Thomas Bryant', 'Tyrese Proctor')",1.5333333333333332,4,2,9,1,2,0,2,1,0,1,0,3.0,3.88,3
22500022,CLE,TOR,79.2,77.4,"('Evan Mobley', 'Jaylon Tyson', 'Luke Travers', 'Thomas Bryant', 'Tyrese Proctor')",1.7000000000000004,4,2,0,2,4,1,0,0,2,0,0,3.0,4.0,3
22500029,CLE,WAS,76.4,78.2,"('Craig Porter Jr.', 'Donovan Mitchell', 'Jarrett Allen', 'Jaylon Tyson', 'Sam Merrill')",3.846666666666666,3,9,7,8,7,3,1,0,3,3,1,10.44,8.2,4
22500029,CLE,WAS,77.8,79.0,"('Darius Garland', ""De'Andre Hunter"", 'Evan Mobley', 'Jaylon Tyson', 'Sam Merrill')",2.5,3,5,9,1,3,0,4,0,1,0,1,5.0,5.0,4
22500029,CLE,WAS,78.0,78.8,"('Darius Garland', ""De'Andre Hunter"", 'Donovan Mitchell', 'Evan Mobley', 'Jarrett Allen')",5.516666666666668,3,19,10,9,3,3,5,3,5,0,3,12.88,15.0,4
22500029,CLE,WAS,78.4,78.6,"('Darius Garland', ""De'Andre Hunter"", 'Evan Mobley', 'Jarrett Allen', 'Sam Merrill')",0.4666666666666667,2,1,2,0,0,0,0,0,0,0,1,0.44,1.0,4
22500029,CLE,WAS,77.4,78.8,"('Darius Garland', ""De'Andre Hunter"", 'Jarrett Allen', 'Larry Nance Jr.', 'Sam Merrill')",1.35,2,4,4,1,2,1,1,1,1,0,1,3.88,3.44,4
22500029,CLE,WAS,76.8,78.0,"('Darius Garland', 'Donovan Mitchell', 'Evan Mobley', 'Larry Nance Jr.', 'Tyrese Proctor')",0.0,2,0,0,0,0,0,0,0,0,0,0,0.0,0.0,4
22500029,CLE,WAS,77.8,78.0,"('Donovan Mitchell', 'Evan Mobley', 'Jaylon Tyson', 'Larry Nance Jr.', 'Tyrese Proctor')",3.75,2,11,13,5,3,1,3,1,0,2,3,10.76,9.88,4
22500029,CLE,WAS,77.4,78.0,"('Donovan Mitchell', 'Jarrett Allen', 'Jaylon Tyson', 'Larry Nance Jr.', 'Tyrese Proctor')",0.0,2,0,0,0,0,0,0,0,0,0,0,0.0,0.0,4
22500029,CLE,WAS,76.8,78.8,"('Darius Garland', 'Jarrett Allen', 'Larry Nance Jr.', 'Sam Merrill', 'Tyrese Proctor')",2.316666666666667,2,7,6,1,2,3,1,0,0,1,0,4.0,3.44,4
22500029,CLE,WAS,76.4,78.2,"('Darius Garland', 'Donovan Mitchell', 'Jarrett Allen', 'Jaylon Tyson', 'Sam Merrill')",0.085,3,0,1,0,0,0,0,0,0,0,0,1.0,0.44,4
22500029,CLE,WAS,78.0,78.4,"('Darius Garland', ""De'Andre Hunter"", 'Donovan Mitchell', 'Evan Mobley', 'Jarrett Allen')",3.3433333333333333,2,14,7,6,2,3,2,0,0,0,2,7.2,7.0,4
22500029,CLE,WAS,76.6,79.0,"('Darius Garland', 'Jaylon Tyson', 'Larry Nance Jr.', 'Luke Travers', 'Tyrese Proctor')",2.65,4,7,10,4,3,3,4,0,0,1,1,5.0,6.0,4
22500029,CLE,WAS,77.2,78.0,"('Darius Garland', 'Evan Mobley', 'Larry Nance Jr.', 'Sam Merrill', 'Tyrese Proctor')",0.7000000000000001,2,0,1,0,2,0,0,0,0,1,1,1.0,1.44,4
22500029,CLE,WAS,77.8,78.2,"('Darius Garland', ""De'Andre Hunter"", 'Evan Mobley', 'Jaylon Tyson', 'Sam Merrill')",0.8666666666666667,1,6,0,1,0,2,0,0,1,0,0,2.44,2.0,4
22500029,CLE,WAS,78.0,78.2,"('Darius Garland', ""De'Andre Hunter"", 'Donovan Mitchell', 'Evan Mobley', 'Jarrett Allen')",4.899999999999999,1,13,13,5,4,4,3,1,1,0,2,12.44,10.0,4
22500029,CLE,WAS,77.8,78.8,"('Craig Porter Jr.', ""De'Andre Hunter"", 'Evan Mobley', 'Jaylon Tyson', 'Sam Merrill')",2.1666666666666665,1,5,7,1,0,0,3,2,0,0,1,3.88,4.0,4
22500029,CLE,WAS,77.6,79.8,"('Craig Porter Jr.', 'Luke Travers', ""Nae'Qwan Tomlin"", 'Thomas Bryant', 'Tyrese Proctor')",5.83,4,20,15,5,5,5,3,1,5,4,4,15.76,17.32,4
22500029,CLE,WAS,77.6,79.0,"('Darius Garland', 'Evan Mobley', 'Jaylon Tyson', 'Larry Nance Jr.', 'Tyrese Proctor')",3.416666666666667,4,12,3,4,5,4,1,0,1,2,2,9.44,5.44,4
22500029,CLE,WAS,76.4,78.2,"('Craig Porter Jr.', 'Donovan Mitchell', 'Jarrett Allen', 'Jaylon Tyson', 'Sam Merrill')",3.9783333333333344,1,15,6,6,3,2,1,1,2,3,1,7.0,8.879999999999999,4
22500091,CLE,BKN,77.2,80.2,"('Dean Wade', 'Donovan Mitchell', 'Larry Nance Jr.', 'Lonzo Ball', 'Sam Merrill')",0.5333333333333333,4,3,1,0,0,1,0,0,0,1,0,1.0,0.44,5
22500091,CLE,BKN,77.8,81.4,"('Donovan Mitchell', 'Evan Mobley', 'Jaylon Tyson', 'Larry Nance Jr.', 'Tyrese Proctor')",1.2166666666666666,4,3,5,0,1,0,2,2,0,0,2,3.3200000000000003,2.0,5
22500091,CLE,BKN,76.8,81.4,"('Craig Porter Jr.', 'Donovan Mitchell', 'Evan Mobley', 'Larry Nance Jr.', 'Tyrese Proctor')",1.766666666666667,4,3,7,0,1,0,1,1,1,0,2,3.44,4.0,5
22500091,CLE,BKN,78.2,80.2,"('Donovan Mitchell', 'Evan Mobley', 'Jarrett Allen', 'Lonzo Ball', 'Sam Merrill')",0.8583333333333332,4,1,2,3,2,0,0,0,0,1,1,2.44,2.0,5
22500091,CLE,BKN,79.2,81.4,"('Dean Wade', 'Evan Mobley', 'Jaylon Tyson', 'Larry Nance Jr.', 'Tyrese Proctor')",1.716666666666667,4,2,8,1,4,0,2,0,2,0,0,5.0,6.0,5
22500091,CLE,BKN,79.0,80.2,"('Dean Wade', 'Donovan Mitchell', 'Evan Mobley', 'Jarrett Allen', 'Sam Merrill')",3.0666666666666664,4,5,3,4,3,1,1,0,1,1,3,5.32,5.0,5
22500091,CLE,BKN,79.0,79.2,"('Dean Wade', 'Evan Mobley', 'Jaylon Tyson', 'Lonzo Ball', 'Sam Merrill')",1.4500000000000002,3,3,9,0,2,1,1,2,1,2,0,4.0,5.44,5
22500091,CLE,BKN,77.0,80.6,"('Craig Porter Jr.', 'Dean Wade', 'Donovan Mitchell', 'Jarrett Allen', 'Tyrese Proctor')",1.3283333333333331,1,5,3,2,1,1,1,0,0,0,2,4.0,3.0,5
22500091,CLE,BKN,77.2,80.6,"('Craig Porter Jr.', 'Dean Wade', 'Donovan Mitchell', 'Jarrett Allen', 'Lonzo Ball')",2.683333333333333,1,6,3,1,1,1,1,2,4,1,2,6.88,8.0,5
22500091,CLE,BKN,79.0,79.2,"('Dean Wade', 'Evan Mobley', 'Jaylon Tyson', 'Lonzo Ball', 'Sam Merrill')",2.2500000000000004,1,5,7,3,2,2,2,1,2,0,0,5.0,6.0,5
22500091,CLE,BKN,78.4,79.8,"('Craig Porter Jr.', 'Dean Wade', 'Evan Mobley', 'Jaylon Tyson', 'Lonzo Ball')",1.1833333333333331,3,5,2,0,1,2,0,0,0,1,1,3.0,2.0,5
22500091,CLE,BKN,77.8,79.6,"('Donovan Mitchell', 'Evan Mobley', 'Jaylon Tyson', 'Larry Nance Jr.', 'Tyrese Proctor')",1.366666666666667,2,6,2,3,2,0,0,0,0,1,1,3.3200000000000003,3.0,5
22500091,CLE,BKN,79.2,79.6,"('Dean Wade', 'Evan Mobley', 'Jaylon Tyson', 'Larry Nance Jr.', 'Tyrese Proctor')",1.5833333333333333,2,0,6,0,1,0,1,1,1,3,0,3.0,3.76,5
22500091,CLE,BKN,78.6,79.8,"('Dean Wade', 'Jarrett Allen', 'Larry Nance Jr.', 'Lonzo Ball', 'Sam Merrill')",3.4499999999999997,2,9,4,5,3,3,0,1,1,0,5,10.44,8.44,5
22500091,CLE,BKN,78.4,80.8,"('Craig Porter Jr.', 'Dean Wade', 'Donovan Mitchell', 'Evan Mobley', 'Jarrett Allen')",0.1416666666666666,1,0,3,0,1,0,1,0,0,0,0,1.0,1.0,5
22500091,CLE,BKN,78.2,80.4,"('Donovan Mitchell', 'Evan Mobley', 'Jarrett Allen', 'Lonzo Ball', 'Sam Merrill')",2.5316666666666667,2,5,9,0,1,1,2,1,0,1,1,6.32,5.0,5
22500091,CLE,BKN,76.8,81.0,"('Craig Porter Jr.', 'Donovan Mitchell', 'Evan Mobley', 'Larry Nance Jr.', 'Tyrese Proctor')",2.833333333333333,2,9,7,1,2,2,3,0,0,1,0,5.0,5.0,5
22500091,CLE,BKN,77.8,79.4,"('Dean Wade', 'Donovan Mitchell', 'Jarrett Allen', 'Lonzo Ball', 'Sam Merrill')",1.3,4,0,5,1,2,0,2,1,1,1,1,3.0,3.0,5
22500091,CLE,BKN,79.4,80.2,"('Dean Wade', 'Evan Mobley', 'Jaylon Tyson', 'Larry Nance Jr.', 'Lonzo Ball')",1.15,4,2,5,0,1,1,1,0,0,1,0,2.0,2.0,5
22500091,CLE,BKN,77.6,79.8,"('Donovan Mitchell', 'Evan Mobley', 'Larry Nance Jr.', 'Lonzo Ball', 'Sam Merrill')",0.0233333333333333,4,2,0,0,0,0,0,0,0,0,1,0.88,0.0,5
22500091,CLE,BKN,78.2,79.8,"('Dean Wade', 'Donovan Mitchell', 'Evan Mobley', 'Lonzo Ball', 'Sam Merrill')",0.0466666666666666,4,2,2,0,0,0,1,0,0,0,1,0.88,1.0,5
22500091,CLE,BKN,79.4,80.0,"('Dean Wade', 'Donovan Mitchell', 'Evan Mobley', 'Jarrett Allen', 'Jaylon Tyson')",0.1266666666666666,3,1,0,1,0,0,0,0,0,0,0,0.44,1.0,5
22500091,CLE,BKN,77.2,80.0,"('Craig Porter Jr.', 'Dean Wade', 'Donovan Mitchell', 'Jarrett Allen', 'Lonzo Ball')",3.9633333333333343,3,16,12,2,3,4,2,0,2,1,1,8.0,8.0,5
22500091,CLE,BKN,78.4,79.2,"('Donovan Mitchell', 'Evan Mobley', 'Jarrett Allen', 'Jaylon Tyson', 'Sam Merrill')",4.966666666666667,1,18,7,6,2,6,2,2,3,2,1,11.88,12.0,5
22500091,CLE,BKN,78.4,79.2,"('Donovan Mitchell', 'Evan Mobley', 'Jarrett Allen', 'Jaylon Tyson', 'Sam Merrill')",5.033333333333333,3,20,12,3,2,6,4,3,0,0,3,11.44,10.0,5
22500107,CLE,MIL,78.6,78.8,"(""De'Andre Hunter"", 'Donovan Mitchell', 'Evan Mobley', 'Jarrett Allen', 'Sam Merrill')",4.9,1,12,8,4,3,3,3,0,1,1,3,9.44,8.0,6
22500107,CLE,MIL,77.8,79.4,"('Dean Wade', 'Donovan Mitchell', 'Jarrett Allen', 'Lonzo Ball', 'Sam Merrill')",0.0383333333333333,1,2,0,0,0,0,0,0,0,0,0,2.88,0.0,6
22500107,CLE,MIL,77.4,78.6,"('Craig Porter Jr.', ""De'Andre Hunter"", 'Donovan Mitchell', 'Evan Mobley', 'Larry Nance Jr.')",0.7666666666666667,2,0,0,1,1,0,0,0,0,0,1,1.0,1.0,6
22500107,CLE,MIL,78.2,79.4,"(""De'Andre Hunter"", 'Jarrett Allen', 'Larry Nance Jr.', 'Lonzo Ball', 'Sam Merrill')",0.1666666666666666,2,0,1,0,0,0,0,0,0,1,0,0.0,0.44,6
22500107,CLE,MIL,79.0,79.4,"('Dean Wade', 'Donovan Mitchell', 'Evan Mobley', 'Jarrett Allen', 'Sam Merrill')",3.9666666666666672,2,11,12,4,1,2,2,3,1,2,1,8.88,9.76,6
22500107,CLE,MIL,79.2,79.0,"(""De'Andre Hunter"", 'Dean Wade', 'Evan Mobley', 'Lonzo Ball', 'Sam Merrill')",1.8333333333333333,1,0,7,1,4,0,1,1,0,1,1,5.0,4.44,6
22500107,CLE,MIL,77.4,79.0,"('Craig Porter Jr.', 'Dean Wade', 'Donovan Mitchell', 'Jarrett Allen', 'Jaylon Tyson')",2.4450000000000003,1,6,10,2,1,1,2,0,0,1,2,4.88,5.0,6
22500107,CLE,MIL,79.0,78.6,"('Dean Wade', 'Evan Mobley', 'Jaylon Tyson', 'Lonzo Ball', 'Sam Merrill')",2.35,1,9,6,3,1,2,1,0,1,1,1,4.88,5.32,6
22500107,CLE,MIL,78.0,78.0,"('Craig Porter Jr.', ""De'Andre Hunter"", 'Evan Mobley', 'Larry Nance Jr.', 'Lonzo Ball')",0.15,2,2,0,0,0,0,0,0,0,0,0,1.0,0.0,6
22500107,CLE,MIL,76.8,78.8,"('Craig Porter Jr.', ""De'Andre Hunter"", 'Donovan Mitchell', 'Jarrett Allen', 'Lonzo Ball')",0.9333333333333332,4,0,3,1,1,0,1,0,0,0,0,1.0,1.0,6
22500107,CLE,MIL,77.6,78.6,"('Craig Porter Jr.', ""De'Andre Hunter"", 'Jarrett Allen', 'Larry Nance Jr.', 'Lonzo Ball')",1.8666666666666667,2,6,3,1,0,1,1,1,1,1,1,3.88,3.0,6
22500107,CLE,MIL,78.6,79.4,"('Dean Wade', 'Jarrett Allen', 'Larry Nance Jr.', 'Lonzo Ball', 'Sam Merrill')",1.6666666666666667,2,10,4,2,0,2,1,0,1,1,1,5.88,4.44,6
22500107,CLE,MIL,79.6,78.8,"(""De'Andre Hunter"", 'Dean Wade', 'Donovan Mitchell', 'Evan Mobley', 'Jarrett Allen')",0.0,4,1,0,0,0,0,0,0,0,0,1,0.44,1.0,6
22500107,CLE,MIL,76.6,78.6,"('Craig Porter Jr.', 'Donovan Mitchell', 'Jarrett Allen', 'Jaylon Tyson', 'Lonzo Ball')",1.655,3,3,4,2,1,0,2,1,1,0,1,4.44,4.0,6
22500107,CLE,MIL,77.8,79.0,"(""De'Andre Hunter"", 'Donovan Mitchell', 'Evan Mobley', 'Lonzo Ball', 'Sam Merrill')",1.5433333333333337,4,4,5,1,2,0,0,1,1,0,3,3.88,3.3200000000000003,6
22500107,CLE,MIL,77.0,78.2,"('Craig Porter Jr.', ""De'Andre Hunter"", 'Donovan Mitchell', 'Evan Mobley', 'Sam Merrill')",3.9166666666666665,4,12,9,4,5,3,2,1,2,0,2,9.0,9.0,6
22500107,CLE,MIL,79.6,77.8,"('Dean Wade', 'Evan Mobley', 'Jarrett Allen', 'Lonzo Ball', 'Sam Merrill')",1.6333333333333333,4,3,0,1,2,1,0,0,2,0,1,2.0,3.0,6
22500107,CLE,MIL,78.6,78.8,"(""De'Andre Hunter"", 'Dean Wade', 'Donovan Mitchell', 'Evan Mobley', 'Sam Merrill')",1.528333333333333,4,6,6,0,2,1,1,0,0,3,0,3.3200000000000003,3.44,6
22500107,CLE,MIL,79.2,78.8,"(""De'Andre Hunter"", 'Dean Wade', 'Evan Mobley', 'Lonzo Ball', 'Sam Merrill')",0.8833333333333334,3,2,0,3,1,0,0,0,0,1,1,1.88,2.0,6
22500107,CLE,MIL,77.2,79.0,"('Craig Porter Jr.', 'Donovan Mitchell', 'Evan Mobley', 'Jaylon Tyson', 'Larry Nance Jr.')",2.916666666666666,2,7,5,3,1,3,2,1,2,3,1,6.0,6.0,6
22500107,CLE,MIL,78.2,78.8,"('Craig Porter Jr.', ""De'Andre Hunter"", 'Dean Wade', 'Jarrett Allen', 'Lonzo Ball')",1.15,4,2,2,1,1,1,0,0,1,0,0,4.0,3.0,6
22500107,CLE,MIL,77.6,78.6,"('Donovan Mitchell', 'Jarrett Allen', 'Jaylon Tyson', 'Larry Nance Jr.', 'Lonzo Ball')",1.25,3,0,5,1,1,0,0,2,0,2,0,5.0,2.88,6
22500107,CLE,MIL,78.6,78.6,"(""De'Andre Hunter"", 'Dean Wade', 'Jaylon Tyson', 'Larry Nance Jr.', 'Lonzo Ball')",0.7666666666666667,3,0,4,1,2,0,1,0,0,0,0,2.0,3.0,6
22500107,CLE,MIL,79.6,78.8,"(""De'Andre Hunter"", 'Dean Wade', 'Evan Mobley', 'Jaylon Tyson', 'Lonzo Ball')",1.2666666666666668,3,3,5,0,1,0,2,0,0,1,1,2.3200000000000003,2.44,6
22500107,CLE,MIL,78.6,78.8,"(""De'Andre Hunter"", 'Donovan Mitchell', 'Evan Mobley', 'Jarrett Allen', 'Sam Merrill')",4.216666666666667,3,11,5,6,4,2,1,2,1,3,2,10.44,10.32,6
22500107,CLE,MIL,77.6,78.6,"('Dean Wade', 'Donovan Mitchell', 'Jaylon Tyson', 'Larry Nance Jr.', 'Lonzo Ball')",1.85,3,2,5,2,2,0,1,2,1,0,1,4.88,5.0,6
22500107,CLE,MIL,78.2,79.0,"('Dean Wade', 'Donovan Mitchell', 'Evan Mobley', 'Lonzo Ball', 'Sam Merrill')",1.2333333333333334,4,4,4,0,0,1,1,1,1,1,1,4.0,3.0,6
22500128,CLE,BOS,79.6,78.2,"(""De'Andre Hunter"", 'Dean Wade', 'Donovan Mitchell', 'Evan Mobley', 'Jarrett Allen')",4.583333333333332,3,11,10,5,5,3,2,1,1,4,3,11.32,9.32,7
22500128,CLE,BOS,78.0,77.6,"('Craig Porter Jr.', ""De'Andre Hunter"", 'Evan Mobley', 'Jaylon Tyson', 'Lonzo Ball')",2.5,3,4,6,3,4,2,1,1,1,1,1,5.0,5.88,7
22500128,CLE,BOS,79.6,77.8,"(""De'Andre Hunter"", 'Dean Wade', 'Evan Mobley', 'Jaylon Tyson', 'Lonzo Ball')",0.6500000000000001,3,0,1,1,2,0,0,1,0,0,0,2.0,1.44,7
22500128,CLE,BOS,77.2,77.6,"('Craig Porter Jr.', 'Donovan Mitchell', 'Evan Mobley', 'Jaylon Tyson', 'Larry Nance Jr.')",2.483333333333334,4,9,5,3,2,2,1,0,0,3,2,5.88,4.0,7
22500128,CLE,BOS,77.2,79.0,"('Craig Porter Jr.', 'Jaylon Tyson', 'Luke Travers', 'Thomas Bryant', 'Tyrese Proctor')",1.9283333333333332,4,3,7,0,4,0,1,1,0,2,1,4.44,4.88,7
22500128,CLE,BOS,79.2,77.0,"(""De'Andre Hunter"", 'Dean Wade', 'Jarrett Allen', 'Larry Nance Jr.', 'Lonzo Ball')",0.7833333333333333,4,0,3,0,1,0,1,0,0,1,1,2.0,1.0,7
22500128,CLE,BOS,77.2,79.2,"('Craig Porter Jr.', 'Larry Nance Jr.', 'Luke Travers', 'Thomas Bryant', 'Tyrese Proctor')",0.2533333333333333,4,0,1,0,1,0,0,0,0,0,0,1.0,0.44,7
22500128,CLE,BOS,78.8,78.2,"(""De'Andre Hunter"", 'Dean Wade', 'Donovan Mitchell', 'Evan Mobley', 'Lonzo Ball')",2.6333333333333333,4,4,4,4,1,2,1,2,0,0,0,7.0,6.0,7
22500128,CLE,BOS,78.0,77.6,"('Donovan Mitchell', 'Evan Mobley', 'Jaylon Tyson', 'Larry Nance Jr.', 'Lonzo Ball')",0.7999999999999999,4,2,3,1,1,1,1,0,0,0,1,2.0,2.0,7
22500128,CLE,BOS,79.0,78.2,"(""De'Andre Hunter"", 'Evan Mobley', 'Jaylon Tyson', 'Larry Nance Jr.', 'Lonzo Ball')",1.1833333333333331,4,2,3,2,2,0,1,0,0,0,0,3.0,2.0,7
22500128,CLE,BOS,76.6,78.4,"('Craig Porter Jr.', 'Donovan Mitchell', 'Jarrett Allen', 'Jaylon Tyson', 'Lonzo Ball')",3.921666666666666,3,10,6,9,4,4,0,0,0,1,1,9.44,8.440000000000001,7
22500128,CLE,BOS,79.0,78.2,"(""De'Andre Hunter"", 'Dean Wade', 'Donovan Mitchell', 'Evan Mobley', 'Jaylon Tyson')",1.0166666666666668,4,0,1,1,3,0,0,0,0,1,0,3.0,1.44,7
22500128,CLE,BOS,79.6,78.0,"(""De'Andre Hunter"", 'Dean Wade', 'Donovan Mitchell', 'Evan Mobley', 'Jarrett Allen')",0.255,2,1,3,0,0,0,0,0,0,0,0,0.44,1.0,7
22500128,CLE,BOS,79.6,78.2,"(""De'Andre Hunter"", 'Evan Mobley', 'Jarrett Allen', 'Jaylon Tyson', 'Lonzo Ball')",0.7666666666666666,2,6,1,2,0,2,0,0,0,1,0,2.0,1.44,7
22500128,CLE,BOS,79.0,78.2,"(""De'Andre Hunter"", 'Donovan Mitchell', 'Evan Mobley', 'Jarrett Allen', 'Jaylon Tyson')",3.278333333333334,2,2,16,0,5,0,5,1,1,0,2,7.88,7.44,7
22500128,CLE,BOS,77.2,78.6,"('Craig Porter Jr.', 'Dean Wade', 'Donovan Mitchell', 'Jarrett Allen', 'Lonzo Ball')",3.316666666666667,1,18,10,1,1,3,2,1,2,1,3,7.640000000000001,6.88,7
22500128,CLE,BOS,79.0,78.2,"(""De'Andre Hunter"", 'Donovan Mitchell', 'Evan Mobley', 'Jarrett Allen', 'Jaylon Tyson')",4.816666666666667,1,13,12,2,6,1,3,0,2,1,1,10.0,10.44,7
22500128,CLE,BOS,78.6,77.4,"('Craig Porter Jr.', ""De'Andre Hunter"", 'Dean Wade', 'Evan Mobley', 'Lonzo Ball')",2.7666666666666675,1,9,17,0,2,1,6,2,0,0,0,5.0,6.0,7
22500128,CLE,BOS,79.6,77.6,"(""De'Andre Hunter"", 'Dean Wade', 'Evan Mobley', 'Jaylon Tyson', 'Lonzo Ball')",0.8333333333333334,1,2,1,1,0,1,0,1,1,1,0,3.0,2.44,7
22500128,CLE,BOS,78.6,77.4,"(""De'Andre Hunter"", 'Jarrett Allen', 'Jaylon Tyson', 'Larry Nance Jr.', 'Lonzo Ball')",1.8166666666666669,2,2,4,1,1,1,2,1,0,0,2,3.0,4.0,7
22500128,CLE,BOS,78.6,77.2,"(""De'Andre Hunter"", 'Evan Mobley', 'Larry Nance Jr.', 'Lonzo Ball', 'Tyrese Proctor')",0.6333333333333333,2,0,2,1,1,0,0,0,0,1,0,1.0,0.88,7
22500128,CLE,BOS,76.8,78.6,"('Craig Porter Jr.', 'Donovan Mitchell', 'Evan Mobley', 'Larry Nance Jr.', 'Tyrese Proctor')",4.166666666666666,2,3,6,4,6,1,1,2,0,4,0,6.0,7.44,7
22500128,CLE,BOS,78.2,77.4,"(""De'Andre Hunter"", 'Jarrett Allen', 'Larry Nance Jr.', 'Lonzo Ball', 'Tyrese Proctor')",0.9333333333333332,2,4,3,1,0,1,1,0,0,0,1,1.88,3.0,7
22500151,CLE,ATL,79.0,79.8,"(""De'Andre Hunter"", 'Dean Wade', 'Donovan Mitchell', 'Evan Mobley', 'Jaylon Tyson')",0.4116666666666667,4,3,6,0,2,0,2,0,0,1,1,2.3200000000000003,3.0,8
22500151,CLE,ATL,77.4,79.6,"('Craig Porter Jr.', 'Dean Wade', 'Donovan Mitchell', 'Evan Mobley', 'Tyrese Proctor')",0.7,4,2,3,0,0,1,0,0,0,2,0,1.0,1.44,8
22500151,CLE,ATL,78.0,79.8,"('Craig Porter Jr.', ""De'Andre Hunter"", 'Evan Mobley', 'Jaylon Tyson', 'Lonzo Ball')",1.616666666666667,3,0,1,6,3,0,0,1,1,1,0,4.0,4.44,8
22500151,CLE,ATL,78.2,79.2,"('Craig Porter Jr.', ""De'Andre Hunter"", 'Dean Wade', 'Lonzo Ball', 'Thomas Bryant')",0.9333333333333336,2,0,2,0,2,0,1,0,1,0,0,2.0,2.0,8
22500151,CLE,ATL,78.6,79.2,"('Craig Porter Jr.', ""De'Andre Hunter"", 'Dean Wade', 'Evan Mobley', 'Lonzo Ball')",1.3,3,5,1,1,0,2,0,2,2,0,1,4.0,3.44,8
22500151,CLE,ATL,78.4,80.4,"(""De'Andre Hunter"", 'Donovan Mitchell', 'Evan Mobley', 'Jaylon Tyson', 'Larry Nance Jr.')",4.433333333333333,3,16,10,4,3,5,3,0,0,6,1,9.44,8.76,8
22500151,CLE,ATL,76.6,80.2,"('Craig Porter Jr.', 'Dean Wade', 'Donovan Mitchell', 'Larry Nance Jr.', 'Lonzo Ball')",3.9816666666666665,3,7,10,4,3,1,4,2,0,1,2,7.88,8.879999999999999,8
22500151,CLE,ATL,78.6,79.6,"('Dean Wade', 'Donovan Mitchell', 'Evan Mobley', 'Larry Nance Jr.', 'Lonzo Ball')",0.4316666666666666,3,0,2,0,0,0,0,1,0,1,0,1.0,1.0,8
22500151,CLE,ATL,77.2,79.2,"('Craig Porter Jr.', ""De'Andre Hunter"", 'Dean Wade', 'Lonzo Ball', 'Tyrese Proctor')",1.35,4,6,2,2,0,2,0,0,1,0,1,3.44,3.0,8
22500151,CLE,ATL,76.8,80.4,"('Craig Porter Jr.', 'Donovan Mitchell', 'Evan Mobley', 'Jaylon Tyson', 'Tyrese Proctor')",2.816666666666667,4,6,5,3,3,2,2,2,1,2,0,6.0,6.0,8
22500151,CLE,ATL,78.0,79.2,"('Craig Porter Jr.', 'Dean Wade', 'Evan Mobley', 'Lonzo Ball', 'Tyrese Proctor')",0.5666666666666668,4,1,2,1,0,0,1,1,1,0,1,1.44,2.0,8
22500151,CLE,ATL,78.2,79.8,"(""De'Andre Hunter"", 'Donovan Mitchell', 'Evan Mobley', 'Jaylon Tyson', 'Lonzo Ball')",4.615,4,18,12,4,1,4,2,3,2,3,5,12.32,12.2,8
22500151,CLE,ATL,77.4,79.0,"(""De'Andre Hunter"", 'Dean Wade', 'Donovan Mitchell', 'Lonzo Ball', 'Tyrese Proctor')",1.0166666666666666,4,3,3,0,1,1,0,1,2,1,0,3.0,3.44,8
22500151,CLE,ATL,77.6,79.2,"('Craig Porter Jr.', ""De'Andre Hunter"", 'Dean Wade', 'Larry Nance Jr.', 'Lonzo Ball')",1.8500000000000003,2,3,5,3,2,1,2,1,0,1,1,5.44,5.0,8
22500151,CLE,ATL,79.0,80.4,"('Evan Mobley', 'Jaylon Tyson', 'Lonzo Ball', 'Thomas Bryant', 'Tyrese Proctor')",0.9166666666666669,2,0,2,0,2,0,1,0,1,0,1,2.0,2.0,8
22500151,CLE,ATL,79.0,79.8,"(""De'Andre Hunter"", 'Dean Wade', 'Donovan Mitchell', 'Evan Mobley', 'Larry Nance Jr.')",4.724999999999999,2,8,11,6,7,2,3,0,1,2,2,10.32,10.88,8
22500151,CLE,ATL,78.4,81.4,"('Donovan Mitchell', 'Evan Mobley', 'Jaylon Tyson', 'Thomas Bryant', 'Tyrese Proctor')",2.9500000000000006,2,8,10,1,5,1,2,1,1,1,2,6.44,6.44,8
22500151,CLE,ATL,78.8,79.6,"(""De'Andre Hunter"", 'Dean Wade', 'Donovan Mitchell', 'Evan Mobley', 'Lonzo Ball')",0.1883333333333333,1,2,0,0,0,0,0,0,0,0,0,1.0,0.0,8
22500151,CLE,ATL,79.6,80.4,"(""De'Andre Hunter"", 'Dean Wade', 'Evan Mobley', 'Jaylon Tyson', 'Lonzo Ball')",1.2166666666666668,1,3,0,2,1,1,0,0,2,0,0,3.0,2.0,8
22500151,CLE,ATL,78.6,79.8,"('Craig Porter Jr.', ""De'Andre Hunter"", 'Dean Wade', 'Evan Mobley', 'Lonzo Ball')",1.4666666666666668,1,0,6,0,2,0,1,0,0,1,0,3.0,2.88,8
22500151,CLE,ATL,78.6,79.6,"('Dean Wade', 'Donovan Mitchell', 'Evan Mobley', 'Larry Nance Jr.', 'Lonzo Ball')",0.1333333333333334,1,2,1,0,0,1,0,0,0,0,1,1.0,0.44,8
22500151,CLE,ATL,76.6,79.6,"('Craig Porter Jr.', 'Dean Wade', 'Donovan Mitchell', 'Larry Nance Jr.', 'Lonzo Ball')",3.905,1,5,5,4,5,1,1,1,1,3,1,8.0,9.88,8
22500151,CLE,ATL,79.4,79.6,"('Dean Wade', 'Evan Mobley', 'Jaylon Tyson', 'Larry Nance Jr.', 'Lonzo Ball')",0.2866666666666667,1,1,0,0,0,0,0,0,1,0,0,0.44,1.0,8
22500151,CLE,ATL,78.4,80.4,"(""De'Andre Hunter"", 'Donovan Mitchell', 'Evan Mobley', 'Jaylon Tyson', 'Larry Nance Jr.')",4.516666666666666,1,18,10,3,4,5,3,0,4,2,1,10.0,11.88,8
22500171,CLE,PHI,78.4,77.8,"('Darius Garland', 'Dean Wade', 'Evan Mobley', 'Jaylon Tyson', 'Lonzo Ball')",0.6333333333333333,1,2,5,0,0,1,2,0,0,0,0,1.0,2.0,9
22500171,CLE,PHI,78.4,78.4,"('Evan Mobley', 'Jaylon Tyson', 'Larry Nance Jr.', 'Lonzo Ball', 'Sam Merrill')",2.0166666666666666,1,8,5,4,2,3,0,0,1,2,1,4.0,4.32,9
22500171,CLE,PHI,77.4,77.8,"('Darius Garland', 'Evan Mobley', 'Jaylon Tyson', 'Lonzo Ball', 'Sam Merrill')",0.65,1,3,0,0,1,1,0,0,0,0,0,1.0,0.0,9
22500171,CLE,PHI,76.6,77.8,"('Darius Garland', 'Donovan Mitchell', 'Evan Mobley', 'Lonzo Ball', 'Sam Merrill')",2.1666666666666665,2,4,9,2,3,1,3,1,0,1,0,5.0,5.88,9
22500171,CLE,PHI,78.4,79.0,"('Darius Garland', 'Evan Mobley', 'Jarrett Allen', 'Jaylon Tyson', 'Lonzo Ball')",0.5666666666666667,2,0,2,0,2,0,0,0,0,0,2,1.0,1.0,9
22500171,CLE,PHI,76.8,78.4,"('Craig Porter Jr.', 'Donovan Mitchell', ""Nae'Qwan Tomlin"", 'Thomas Bryant', 'Tyrese Proctor')",0.4583333333333333,4,1,0,1,0,0,0,1,0,0,0,1.44,1.0,9
22500171,CLE,PHI,77.4,78.6,"('Darius Garland', 'Evan Mobley', 'Jaylon Tyson', 'Lonzo Ball', 'Sam Merrill')",0.5666666666666667,3,0,2,0,1,0,1,0,1,0,0,1.0,2.0,9
22500171,CLE,PHI,77.8,78.4,"('Darius Garland', 'Evan Mobley', 'Jaylon Tyson', 'Larry Nance Jr.', 'Lonzo Ball')",0.3333333333333333,4,0,0,0,0,0,0,1,1,0,1,1.0,1.0,9
22500171,CLE,PHI,77.2,78.4,"('Craig Porter Jr.', 'Donovan Mitchell', 'Evan Mobley', 'Jaylon Tyson', 'Larry Nance Jr.')",3.2000000000000006,4,11,9,3,0,2,1,1,0,2,1,7.44,6.88,9
22500171,CLE,PHI,77.8,78.6,"('Craig Porter Jr.', 'Evan Mobley', 'Jaylon Tyson', 'Larry Nance Jr.', 'Lonzo Ball')",1.15,4,3,4,0,2,1,1,0,2,0,1,3.0,3.44,9
22500171,CLE,PHI,77.0,78.4,"('Darius Garland', 'Jarrett Allen', 'Larry Nance Jr.', 'Lonzo Ball', 'Sam Merrill')",1.9666666666666668,4,2,7,0,4,1,2,1,1,1,1,5.0,4.0,9
22500171,CLE,PHI,77.6,78.4,"('Craig Porter Jr.', 'Jaylon Tyson', ""Nae'Qwan Tomlin"", 'Thomas Bryant', 'Tyrese Proctor')",0.1383333333333333,4,0,0,0,0,0,0,0,1,0,0,0.0,1.0,9
22500171,CLE,PHI,78.0,78.4,"('Darius Garland', 'Evan Mobley', 'Jarrett Allen', 'Lonzo Ball', 'Sam Merrill')",0.0,4,0,0,0,0,0,0,0,0,0,0,0.0,0.0,9
22500171,CLE,PHI,77.4,77.8,"('Darius Garland', 'Donovan Mitchell', 'Evan Mobley', 'Jarrett Allen', 'Sam Merrill')",3.866666666666666,4,8,14,1,4,2,2,2,1,2,3,8.44,9.44,9
22500171,CLE,PHI,76.8,77.2,"('Darius Garland', 'Donovan Mitchell', 'Evan Mobley', 'Jaylon Tyson', 'Sam Merrill')",0.4566666666666666,2,1,2,0,0,0,1,0,0,0,0,1.44,1.0,9
22500171,CLE,PHI,77.0,78.6,"('Darius Garland', 'Jarrett Allen', 'Jaylon Tyson', 'Lonzo Ball', 'Sam Merrill')",2.4500000000000006,2,8,4,3,3,2,0,1,0,1,0,6.0,5.88,9
22500171,CLE,PHI,75.8,78.6,"('Craig Porter Jr.', 'Darius Garland', 'Donovan Mitchell', 'Evan Mobley', 'Sam Merrill')",2.226666666666666,2,6,7,2,2,1,3,1,0,0,2,5.32,5.0,9
22500171,CLE,PHI,77.2,78.6,"('Craig Porter Jr.', 'Donovan Mitchell', 'Evan Mobley', 'Jaylon Tyson', 'Larry Nance Jr.')",2.15,2,5,9,1,1,2,1,1,0,3,0,4.0,7.88,9
22500171,CLE,PHI,77.8,77.8,"('Darius Garland', 'Donovan Mitchell', 'Evan Mobley', 'Jarrett Allen', 'Jaylon Tyson')",5.016666666666666,3,15,5,5,4,4,1,0,2,2,4,9.32,10.0,9
22500171,CLE,PHI,76.2,78.6,"('Craig Porter Jr.', 'Donovan Mitchell', 'Jarrett Allen', 'Lonzo Ball', 'Sam Merrill')",4.266666666666668,3,20,8,4,2,5,1,1,2,1,2,10.88,10.88,9
22500171,CLE,PHI,77.4,78.4,"('Craig Porter Jr.', 'Evan Mobley', 'Jaylon Tyson', 'Lonzo Ball', 'Sam Merrill')",1.5666666666666669,3,2,5,1,1,0,2,1,0,2,0,3.0,4.0,9
22500171,CLE,PHI,77.8,77.8,"('Darius Garland', 'Donovan Mitchell', 'Evan Mobley', 'Jarrett Allen', 'Jaylon Tyson')",4.533333333333334,1,17,5,4,4,4,0,1,4,1,0,12.0,10.44,9
22500171,CLE,PHI,77.2,79.6,"('Donovan Mitchell', 'Jarrett Allen', 'Larry Nance Jr.', 'Lonzo Ball', 'Sam Merrill')",3.701666666666666,1,10,10,2,4,2,3,0,1,3,3,7.32,8.32,9
22500171,CLE,PHI,78.8,77.8,"('Donovan Mitchell', 'Evan Mobley', 'Jarrett Allen', 'Jaylon Tyson', 'Larry Nance Jr.')",0.3166666666666666,1,1,2,0,0,0,1,0,0,0,0,1.44,1.0,9
22500171,CLE,PHI,77.8,78.8,"('Craig Porter Jr.', 'Donovan Mitchell', 'Evan Mobley', 'Jarrett Allen', 'Jaylon Tyson')",1.9,2,5,7,1,3,1,1,1,1,1,2,4.0,4.88,9
22500186,CLE,CHI,77.8,76.8,"(""De'Andre Hunter"", 'Jarrett Allen', 'Lonzo Ball', 'Sam Merrill', 'Tyrese Proctor')",0.9666666666666668,4,0,3,1,3,0,0,0,0,1,0,3.0,2.44,10
22500186,CLE,CHI,77.6,78.0,"('Donovan Mitchell', 'Evan Mobley', 'Jaylon Tyson', 'Lonzo Ball', 'Sam Merrill')",0.0116666666666666,3,1,1,0,1,0,0,0,0,0,1,1.44,0.44,10
22500186,CLE,CHI,77.8,78.0,"('Dean Wade', 'Donovan Mitchell', 'Jarrett Allen', 'Lonzo Ball', 'Sam Merrill')",4.241666666666666,3,14,11,3,5,2,2,1,1,1,3,10.32,8.88,10
22500186,CLE,CHI,79.0,78.0,"(""De'Andre Hunter"", 'Donovan Mitchell', 'Evan Mobley', 'Jarrett Allen', 'Jaylon Tyson')",4.766666666666667,3,17,8,7,3,4,3,0,2,2,5,9.44,9.44,10
22500186,CLE,CHI,78.6,78.0,"(""De'Andre Hunter"", 'Evan Mobley', 'Jaylon Tyson', 'Lonzo Ball', 'Tyrese Proctor')",0.4333333333333333,4,0,0,0,1,0,0,0,0,0,0,1.0,1.0,10
22500186,CLE,CHI,77.8,79.0,"('Craig Porter Jr.', 'Dean Wade', 'Donovan Mitchell', 'Evan Mobley', 'Jaylon Tyson')",2.333333333333333,2,2,8,3,4,1,0,0,0,4,0,5.0,5.640000000000001,10
22500186,CLE,CHI,77.4,78.2,"('Craig Porter Jr.', 'Evan Mobley', 'Jaylon Tyson', 'Lonzo Ball', 'Tyrese Proctor')",0.6,2,0,5,0,1,0,1,0,0,0,0,1.0,1.88,10
22500186,CLE,CHI,77.6,77.8,"(""De'Andre Hunter"", 'Donovan Mitchell', 'Evan Mobley', 'Sam Merrill', 'Tyrese Proctor')",1.5166666666666668,2,3,8,1,0,1,2,1,0,2,1,3.0,4.32,10
22500186,CLE,CHI,77.8,77.4,"('Dean Wade', 'Donovan Mitchell', 'Jarrett Allen', 'Lonzo Ball', 'Sam Merrill')",4.116666666666666,1,10,14,1,4,4,3,1,3,3,0,11.0,10.32,10
22500186,CLE,CHI,79.0,78.4,"(""De'Andre Hunter"", 'Donovan Mitchell', 'Evan Mobley', 'Jarrett Allen', 'Jaylon Tyson')",4.65,1,12,7,5,2,5,1,3,2,0,3,11.44,10.0,10
22500186,CLE,CHI,79.2,77.4,"(""De'Andre Hunter"", 'Dean Wade', 'Evan Mobley', 'Lonzo Ball', 'Sam Merrill')",1.5833333333333337,1,7,0,2,1,3,0,0,1,1,2,4.44,3.0,10
22500186,CLE,CHI,79.6,78.4,"(""De'Andre Hunter"", 'Dean Wade', 'Evan Mobley', 'Jaylon Tyson', 'Lonzo Ball')",1.6,1,3,8,0,2,0,3,0,1,1,1,3.3200000000000003,4.0,10
22500186,CLE,CHI,78.6,76.8,"(""De'Andre Hunter"", 'Donovan Mitchell', 'Evan Mobley', 'Jarrett Allen', 'Sam Merrill')",0.7833333333333332,4,2,3,1,0,1,1,0,0,0,1,1.0,1.44,10
22500186,CLE,CHI,77.4,76.8,"(""De'Andre Hunter"", 'Donovan Mitchell', 'Jarrett Allen', 'Lonzo Ball', 'Sam Merrill')",0.4,4,0,2,0,0,0,0,0,0,1,1,1.0,1.88,10
22500186,CLE,CHI,78.4,77.8,"('Dean Wade', 'Donovan Mitchell', 'Evan Mobley', 'Jaylon Tyson', 'Tyrese Proctor')",1.9166666666666663,4,4,3,2,3,0,1,0,1,1,0,4.0,3.0,10
22500186,CLE,CHI,79.6,78.0,"(""De'Andre Hunter"", 'Dean Wade', 'Evan Mobley', 'Jaylon Tyson', 'Lonzo Ball')",1.0833333333333333,3,5,3,0,0,1,1,0,0,0,0,2.0,1.44,10
22500186,CLE,CHI,78.4,78.0,"('Dean Wade', 'Donovan Mitchell', 'Evan Mobley', 'Jaylon Tyson', 'Sam Merrill')",0.1783333333333333,3,1,1,0,0,0,0,0,0,1,0,0.44,0.44,10
22500186,CLE,CHI,79.2,77.0,"(""De'Andre Hunter"", 'Dean Wade', 'Evan Mobley', 'Lonzo Ball', 'Sam Merrill')",1.6333333333333335,3,2,2,3,3,1,0,0,0,2,0,3.0,6.0,10
22500186,CLE,CHI,77.8,76.8,"(""De'Andre Hunter"", 'Jarrett Allen', 'Lonzo Ball', 'Sam Merrill', 'Tyrese Proctor')",1.9,2,9,6,1,1,2,2,0,0,0,1,4.44,3.0,10
22500186,CLE,CHI,78.6,77.2,"(""De'Andre Hunter"", 'Donovan Mitchell', 'Evan Mobley', 'Jarrett Allen', 'Sam Merrill')",0.0,2,0,0,0,0,0,0,0,0,0,0,0.0,0.0,10
22500186,CLE,CHI,76.8,78.2,"('Craig Porter Jr.', 'Donovan Mitchell', 'Evan Mobley', 'Jaylon Tyson', 'Tyrese Proctor')",1.3,2,3,3,0,3,1,1,0,1,1,0,3.0,2.44,10
22500186,CLE,CHI,77.6,78.2,"('Jarrett Allen', 'Jaylon Tyson', 'Lonzo Ball', 'Sam Merrill', 'Tyrese Proctor')",1.7000000000000002,2,0,7,0,6,0,2,0,0,0,0,3.0,2.44,10
22500186,CLE,CHI,78.0,77.4,"(""De'Andre Hunter"", 'Donovan Mitchell', 'Evan Mobley', 'Jaylon Tyson', 'Sam Merrill')",2.016666666666667,2,7,6,2,3,1,2,2,0,0,1,6.44,5.0,10
22500186,CLE,CHI,77.6,78.0,"('Donovan Mitchell', 'Evan Mobley', 'Jaylon Tyson', 'Lonzo Ball', 'Tyrese Proctor')",0.8666666666666667,4,3,2,0,0,1,1,0,0,2,0,1.0,2.0,10
22500186,CLE,CHI,78.0,77.4,"(""De'Andre Hunter"", 'Donovan Mitchell', 'Evan Mobley', 'Jaylon Tyson', 'Sam Merrill')",5.733333333333331,4,23,10,6,2,4,1,1,1,3,5,13.64,12.64,10
22500186,CLE,CHI,78.2,76.8,"(""De'Andre Hunter"", 'Jarrett Allen', 'Jaylon Tyson', 'Lonzo Ball', 'Tyrese Proctor')",0.5,4,0,1,1,1,0,0,0,0,1,0,1.0,1.44,10
22500201,CLE,MIA,77.2,77.2,"('Donovan Mitchell', 'Jarrett Allen', 'Jaylon Tyson', 'Lonzo Ball', 'Sam Merrill')",1.0333333333333334,3,2,4,1,1,0,0,1,0,3,1,3.0,2.76,11
22500201,CLE,MIA,78.0,77.4,"(""De'Andre Hunter"", 'Donovan Mitchell', 'Evan Mobley', 'Jaylon Tyson', 'Sam Merrill')",1.035,2,3,3,1,1,1,1,0,0,0,0,2.0,3.0,11
22500201,CLE,MIA,78.2,78.0,"('Darius Garland', ""De'Andre Hunter"", 'Dean Wade', 'Jarrett Allen', 'Lonzo Ball')",3.1333333333333333,2,10,11,3,4,1,4,0,1,1,1,6.44,6.88,11
22500201,CLE,MIA,78.0,77.2,"('Darius Garland', ""De'Andre Hunter"", 'Donovan Mitchell', 'Evan Mobley', 'Jarrett Allen')",4.883333333333334,1,13,5,11,6,4,1,0,1,1,2,11.0,11.0,11
22500201,CLE,MIA,78.2,78.2,"('Craig Porter Jr.', ""De'Andre Hunter"", 'Dean Wade', 'Jarrett Allen', 'Lonzo Ball')",0.45,2,1,3,0,0,0,1,0,0,0,1,0.44,1.0,11
22500201,CLE,MIA,78.6,77.0,"(""De'Andre Hunter"", 'Dean Wade', 'Donovan Mitchell', 'Evan Mobley', 'Sam Merrill')",0.0066666666666666,5,1,2,0,0,0,1,0,0,0,0,0.44,1.0,11
22500201,CLE,MIA,77.8,77.4,"(""De'Andre Hunter"", 'Donovan Mitchell', 'Evan Mobley', 'Lonzo Ball', 'Sam Merrill')",0.1149999999999999,5,4,0,1,0,0,0,0,0,0,1,1.44,0.0,11
22500201,CLE,MIA,78.0,77.4,"(""De'Andre Hunter"", 'Donovan Mitchell', 'Evan Mobley', 'Jaylon Tyson', 'Sam Merrill')",3.416666666666667,5,5,6,5,4,0,0,0,0,1,3,6.44,4.88,11
22500201,CLE,MIA,78.4,77.0,"('Dean Wade', 'Donovan Mitchell', 'Evan Mobley', 'Jaylon Tyson', 'Sam Merrill')",1.4283333333333332,5,0,4,0,4,0,0,0,1,2,0,2.0,4.88,11
22500201,CLE,MIA,79.0,77.4,"(""De'Andre Hunter"", 'Dean Wade', 'Donovan Mitchell', 'Evan Mobley', 'Jaylon Tyson')",1.6466666666666667,4,1,4,3,1,0,2,0,1,0,1,3.44,4.0,11
22500201,CLE,MIA,78.0,77.4,"(""De'Andre Hunter"", 'Donovan Mitchell', 'Evan Mobley', 'Jaylon Tyson', 'Sam Merrill')",1.586666666666667,4,8,5,3,0,1,1,0,0,1,1,4.44,3.44,11
22500201,CLE,MIA,78.6,77.4,"(""De'Andre Hunter"", 'Dean Wade', 'Donovan Mitchell', 'Evan Mobley', 'Sam Merrill')",1.3166666666666669,4,1,4,0,1,0,1,0,1,1,1,2.44,2.88,11
22500201,CLE,MIA,78.2,77.2,"(""De'Andre Hunter"", 'Donovan Mitchell', 'Evan Mobley', 'Jaylon Tyson', 'Lonzo Ball')",1.3,4,6,2,1,1,2,0,0,0,1,1,3.44,2.0,11
22500201,CLE,MIA,80.0,78.2,"('Dean Wade', 'Evan Mobley', 'Jarrett Allen', 'Jaylon Tyson', 'Lonzo Ball')",0.0,1,0,0,0,0,0,0,0,0,0,0,0.0,0.0,11
22500201,CLE,MIA,77.8,78.2,"('Darius Garland', ""De'Andre Hunter"", 'Evan Mobley', 'Jaylon Tyson', 'Sam Merrill')",2.0,1,2,9,0,4,0,3,0,0,0,3,3.88,4.0,11
22500201,CLE,MIA,77.4,78.2,"('Darius Garland', 'Evan Mobley', 'Jaylon Tyson', 'Lonzo Ball', 'Sam Merrill')",0.1166666666666666,1,1,0,0,0,0,0,0,0,1,0,0.44,1.0,11
22500201,CLE,MIA,78.4,77.2,"('Darius Garland', ""De'Andre Hunter"", 'Evan Mobley', 'Jarrett Allen', 'Sam Merrill')",0.35,1,2,0,1,1,1,0,0,0,0,0,2.0,1.0,11
22500201,CLE,MIA,77.2,78.2,"('Donovan Mitchell', 'Jarrett Allen', 'Jaylon Tyson', 'Lonzo Ball', 'Sam Merrill')",4.199999999999999,1,12,11,6,5,1,4,1,2,0,0,10.0,11.44,11
22500201,CLE,MIA,77.4,78.2,"('Craig Porter Jr.', 'Dean Wade', 'Donovan Mitchell', 'Evan Mobley', 'Sam Merrill')",3.5833333333333326,2,4,8,4,6,1,2,0,1,2,2,9.0,7.44,11
22500201,CLE,MIA,77.4,78.2,"('Darius Garland', ""De'Andre Hunter"", 'Donovan Mitchell', 'Evan Mobley', 'Jaylon Tyson')",1.9,2,2,10,0,2,0,2,1,1,2,2,5.88,5.2,11
22500201,CLE,MIA,78.6,78.2,"('Craig Porter Jr.', ""De'Andre Hunter"", 'Dean Wade', 'Evan Mobley', 'Lonzo Ball')",1.0,2,3,2,1,1,1,1,0,0,0,0,2.0,3.0,11
22500201,CLE,MIA,77.8,77.2,"('Darius Garland', ""De'Andre Hunter"", 'Evan Mobley', 'Jaylon Tyson', 'Sam Merrill')",1.416666666666667,3,4,5,1,2,1,1,0,1,1,1,2.88,3.44,11
22500201,CLE,MIA,78.6,77.2,"(""De'Andre Hunter"", 'Evan Mobley', 'Jaylon Tyson', 'Lonzo Ball', 'Sam Merrill')",1.616666666666667,3,6,9,0,2,2,2,1,0,1,0,4.0,3.88,11
22500201,CLE,MIA,78.0,77.2,"('Darius Garland', ""De'Andre Hunter"", 'Donovan Mitchell', 'Evan Mobley', 'Jarrett Allen')",4.633333333333332,3,16,12,4,3,3,4,1,1,5,2,10.0,9.32,11
22500201,CLE,MIA,77.2,78.2,"('Dean Wade', 'Donovan Mitchell', 'Jaylon Tyson', 'Lonzo Ball', 'Sam Merrill')",3.25,3,11,9,5,3,1,0,1,1,3,1,7.88,9.96,11
22500201,CLE,MIA,78.8,78.0,"(""De'Andre Hunter"", 'Dean Wade', 'Jarrett Allen', 'Lonzo Ball', 'Sam Merrill')",0.8666666666666666,4,0,5,0,1,0,0,1,0,0,0,2.0,2.44,11
22500201,CLE,MIA,77.8,78.0,"(""De'Andre Hunter"", 'Donovan Mitchell', 'Jarrett Allen', 'Jaylon Tyson', 'Lonzo Ball')",0.85,4,2,0,1,1,1,0,0,1,0,2,2.0,2.0,11
22500201,CLE,MIA,79.2,76.8,"(""De'Andre Hunter"", 'Dean Wade', 'Evan Mobley', 'Lonzo Ball', 'Sam Merrill')",1.05,4,3,2,2,1,1,0,0,1,1,0,2.0,2.0,11
22500201,CLE,MIA,78.4,77.6,"('Dean Wade', 'Donovan Mitchell', 'Evan Mobley', 'Jaylon Tyson', 'Sam Merrill')",3.216666666666666,4,15,5,6,1,4,1,0,0,0,1,6.44,7.0,11
22500217,CLE,MIA,76.8,78.2,"('Craig Porter Jr.', ""De'Andre Hunter"", 'Larry Nance Jr.', 'Luke Travers', 'Tyrese Proctor')",4.455000000000001,1,11,13,3,6,4,2,2,3,3,3,12.44,10.88,12
22500217,CLE,MIA,77.0,77.2,"('Craig Porter Jr.', 'Jarrett Allen', 'Larry Nance Jr.', 'Lonzo Ball', 'Sam Merrill')",1.5833333333333337,1,6,5,3,1,2,1,0,1,2,0,4.0,3.44,12
22500217,CLE,MIA,79.8,77.2,"(""De'Andre Hunter"", 'Dean Wade', 'Jarrett Allen', 'Larry Nance Jr.', ""Nae'Qwan Tomlin"")",0.1233333333333333,2,0,2,0,0,0,0,0,0,1,0,0.0,1.0,12
22500217,CLE,MIA,78.2,77.2,"('Craig Porter Jr.', ""De'Andre Hunter"", 'Jarrett Allen', 'Larry Nance Jr.', ""Nae'Qwan Tomlin"")",2.5450000000000004,2,11,4,4,1,2,2,0,1,1,3,7.2,6.0,12
22500217,CLE,MIA,78.6,78.2,"(""De'Andre Hunter"", 'Dean Wade', 'Sam Merrill', 'Thomas Bryant', 'Tyrese Proctor')",3.333333333333334,2,6,4,5,6,2,1,0,1,1,1,9.0,7.0,12
22500217,CLE,MIA,79.2,77.2,"(""De'Andre Hunter"", 'Dean Wade', 'Jarrett Allen', 'Larry Nance Jr.', 'Lonzo Ball')",0.0,2,0,1,0,0,0,0,0,0,0,0,0.0,0.44,12
22500217,CLE,MIA,78.4,77.6,"('Craig Porter Jr.', 'Dean Wade', 'Lonzo Ball', ""Nae'Qwan Tomlin"", 'Thomas Bryant')",2.0500000000000003,2,6,8,2,3,1,3,0,0,1,0,4.0,5.0,12
22500217,CLE,MIA,77.8,77.0,"('Craig Porter Jr.', 'Jarrett Allen', 'Larry Nance Jr.', 'Lonzo Ball', ""Nae'Qwan Tomlin"")",3.6833333333333336,2,14,12,3,4,3,4,2,3,2,5,11.2,9.0,12
22500217,CLE,MIA,78.8,77.2,"(""De'Andre Hunter"", 'Dean Wade', 'Jarrett Allen', 'Lonzo Ball', 'Sam Merrill')",3.6000000000000005,3,7,13,3,4,3,4,1,0,0,2,8.0,9.0,12
22500217,CLE,MIA,77.4,77.2,"('Craig Porter Jr.', ""De'Andre Hunter"", 'Dean Wade', 'Larry Nance Jr.', 'Tyrese Proctor')",2.2333333333333334,3,6,1,2,4,2,0,0,2,3,0,4.0,4.44,12
22500217,CLE,MIA,76.8,77.2,"('Craig Porter Jr.', 'Dean Wade', 'Larry Nance Jr.', 'Sam Merrill', 'Tyrese Proctor')",0.8666666666666666,3,0,3,0,1,0,0,0,0,2,0,2.0,1.44,12
22500217,CLE,MIA,78.0,78.0,"('Craig Porter Jr.', ""De'Andre Hunter"", 'Dean Wade', 'Thomas Bryant', 'Tyrese Proctor')",0.5833333333333333,3,0,1,1,1,0,0,0,1,0,1,2.0,1.44,12
22500217,CLE,MIA,77.8,77.2,"('Craig Porter Jr.', 'Dean Wade', 'Jarrett Allen', 'Larry Nance Jr.', 'Sam Merrill')",0.6166666666666667,3,0,2,0,1,0,0,0,1,0,1,1.0,3.0,12
22500217,CLE,MIA,77.0,77.2,"('Craig Porter Jr.', 'Jarrett Allen', 'Larry Nance Jr.', 'Lonzo Ball', 'Sam Merrill')",1.3666666666666665,3,5,5,1,0,2,1,1,0,0,0,4.0,3.0,12
22500217,CLE,MIA,77.4,78.0,"('Craig Porter Jr.', ""De'Andre Hunter"", 'Luke Travers', 'Thomas Bryant', 'Tyrese Proctor')",2.0166666666666666,3,9,3,1,1,1,1,1,3,0,2,5.88,6.0,12
22500217,CLE,MIA,78.8,77.2,"('Dean Wade', 'Jarrett Allen', ""Nae'Qwan Tomlin"", 'Sam Merrill', 'Tyrese Proctor')",0.5833333333333333,4,2,2,1,0,0,0,0,0,1,0,1.0,1.0,12
22500217,CLE,MIA,78.8,77.2,"('Dean Wade', ""Nae'Qwan Tomlin"", 'Sam Merrill', 'Thomas Bryant', 'Tyrese Proctor')",0.3333333333333333,4,0,0,2,0,0,0,0,0,1,0,1.0,1.0,12
22500217,CLE,MIA,78.2,78.2,"('Craig Porter Jr.', ""De'Andre Hunter"", 'Luke Travers', ""Nae'Qwan Tomlin"", 'Thomas Bryant')",1.2,4,2,0,1,1,0,0,1,1,1,2,2.88,3.0,12
22500217,CLE,MIA,78.2,77.4,"('Craig Porter Jr.', ""De'Andre Hunter"", 'Dean Wade', 'Jarrett Allen', 'Lonzo Ball')",2.51,4,13,10,2,0,4,4,0,0,0,1,6.88,6.0,12
22500217,CLE,MIA,78.2,78.2,"('Luke Travers', ""Nae'Qwan Tomlin"", 'Sam Merrill', 'Thomas Bryant', 'Tyrese Proctor')",2.7333333333333334,4,8,2,5,1,1,1,0,0,0,1,5.44,6.0,12
22500217,CLE,MIA,78.8,78.2,"(""De'Andre Hunter"", 'Luke Travers', ""Nae'Qwan Tomlin"", 'Sam Merrill', 'Thomas Bryant')",0.2833333333333333,4,1,1,1,0,0,0,1,0,0,1,1.44,1.44,12
22500217,CLE,MIA,78.2,77.4,"('Craig Porter Jr.', 'Dean Wade', 'Jarrett Allen', ""Nae'Qwan Tomlin"", 'Tyrese Proctor')",3.9166666666666665,4,11,4,4,2,1,1,1,3,0,4,8.08,9.0,12
22500217,CLE,MIA,78.8,77.2,"(""De'Andre Hunter"", 'Dean Wade', 'Jarrett Allen', 'Lonzo Ball', 'Sam Merrill')",4.266666666666666,1,10,17,3,4,4,4,2,1,1,1,11.0,9.88,12
22500217,CLE,MIA,77.2,77.2,"('Craig Porter Jr.', 'Jarrett Allen', 'Larry Nance Jr.', 'Luke Travers', 'Tyrese Proctor')",1.3666666666666665,1,2,2,2,2,0,0,0,0,1,1,3.0,4.0,12
22500217,CLE,MIA,76.4,78.2,"('Craig Porter Jr.', ""De'Andre Hunter"", 'Larry Nance Jr.', 'Sam Merrill', 'Tyrese Proctor')",0.1249999999999999,1,0,1,0,1,0,0,0,0,0,0,2.0,0.44,12
22500225,CLE,TOR,78.6,78.2,"(""De'Andre Hunter"", 'Donovan Mitchell', 'Evan Mobley', 'Jarrett Allen', 'Sam Merrill')",3.0000000000000004,2,7,11,2,0,3,4,2,0,0,0,6.0,5.0,13
22500225,CLE,TOR,78.2,78.4,"('Craig Porter Jr.', 'Dean Wade', 'Jarrett Allen', ""Nae'Qwan Tomlin"", 'Sam Merrill')",1.3333333333333333,2,5,6,1,0,1,1,1,0,3,0,3.0,2.76,13
22500225,CLE,TOR,77.6,78.4,"('Craig Porter Jr.', 'Donovan Mitchell', 'Evan Mobley', 'Larry Nance Jr.', ""Nae'Qwan Tomlin"")",0.8,2,2,1,0,0,1,0,0,0,0,0,1.0,1.44,13
22500225,CLE,TOR,78.4,79.2,"('Craig Porter Jr.', ""De'Andre Hunter"", 'Evan Mobley', 'Jarrett Allen', 'Sam Merrill')",1.4,2,0,4,1,2,0,1,1,1,0,0,3.0,4.0,13
22500225,CLE,TOR,78.2,78.4,"('Craig Porter Jr.', 'Dean Wade', 'Donovan Mitchell', 'Evan Mobley', ""Nae'Qwan Tomlin"")",1.6833333333333331,2,5,8,1,2,2,3,0,0,1,0,4.0,4.0,13
22500225,CLE,TOR,76.4,78.2,"('Craig Porter Jr.', 'Dean Wade', 'Donovan Mitchell', 'Larry Nance Jr.', 'Tyrese Proctor')",3.6166666666666663,1,8,15,1,2,1,4,2,0,2,1,7.44,6.0,13
22500225,CLE,TOR,78.4,79.2,"('Craig Porter Jr.', ""De'Andre Hunter"", 'Dean Wade', 'Evan Mobley', 'Tyrese Proctor')",2.35,1,6,2,2,2,1,0,0,1,1,1,4.44,4.0,13
22500225,CLE,TOR,79.4,79.2,"(""De'Andre Hunter"", 'Donovan Mitchell', 'Evan Mobley', 'Jarrett Allen', ""Nae'Qwan Tomlin"")",2.7,4,2,7,3,2,0,2,1,1,1,1,4.88,5.0,13
22500225,CLE,TOR,78.4,78.6,"('Craig Porter Jr.', 'Dean Wade', 'Donovan Mitchell', 'Evan Mobley', 'Jarrett Allen')",1.0833333333333333,4,4,5,1,2,1,2,0,0,0,0,4.0,3.0,13
22500225,CLE,TOR,78.6,79.2,"(""De'Andre Hunter"", 'Donovan Mitchell', 'Evan Mobley', 'Jarrett Allen', 'Sam Merrill')",0.5833333333333334,4,0,2,1,1,0,1,0,0,0,0,1.0,2.0,13
22500225,CLE,TOR,78.4,78.8,"(""De'Andre Hunter"", 'Donovan Mitchell', 'Evan Mobley', ""Nae'Qwan Tomlin"", 'Sam Merrill')",3.116666666666667,4,7,12,2,5,2,2,0,1,2,0,7.0,6.88,13
22500225,CLE,TOR,77.6,76.8,"('Craig Porter Jr.', 'Luke Travers', ""Nae'Qwan Tomlin"", 'Thomas Bryant', 'Tyrese Proctor')",1.7233333333333332,4,8,4,0,1,2,1,0,2,0,1,5.88,4.0,13
22500225,CLE,TOR,79.0,78.4,"('Dean Wade', 'Donovan Mitchell', 'Evan Mobley', 'Jarrett Allen', 'Sam Merrill')",0.7,4,2,0,1,0,0,0,0,0,0,1,0.88,1.0,13
22500225,CLE,TOR,77.4,78.8,"('Craig Porter Jr.', ""De'Andre Hunter"", 'Donovan Mitchell', ""Nae'Qwan Tomlin"", 'Thomas Bryant')",0.9833333333333334,4,3,4,0,2,0,1,0,0,1,2,2.44,1.88,13
22500225,CLE,TOR,78.8,79.0,"('Dean Wade', 'Donovan Mitchell', 'Evan Mobley', ""Nae'Qwan Tomlin"", 'Sam Merrill')",0.5499999999999999,4,2,2,0,1,1,1,0,0,0,1,2.0,1.0,13
22500225,CLE,TOR,78.2,78.0,"('Craig Porter Jr.', 'Dean Wade', ""Nae'Qwan Tomlin"", 'Sam Merrill', 'Thomas Bryant')",2.35,3,6,7,3,2,1,1,0,1,1,0,4.0,4.88,13
22500225,CLE,TOR,76.8,78.6,"('Craig Porter Jr.', 'Donovan Mitchell', ""Nae'Qwan Tomlin"", 'Sam Merrill', 'Thomas Bryant')",1.0616666666666668,3,7,1,1,0,1,0,0,1,1,2,3.3200000000000003,2.44,13
22500225,CLE,TOR,78.0,77.4,"('Craig Porter Jr.', ""De'Andre Hunter"", 'Dean Wade', 'Donovan Mitchell', 'Evan Mobley')",1.4,3,3,2,2,1,1,0,1,0,0,0,3.0,3.0,13
22500225,CLE,TOR,78.2,78.0,"('Craig Porter Jr.', 'Dean Wade', 'Donovan Mitchell', 'Evan Mobley', ""Nae'Qwan Tomlin"")",0.8166666666666668,3,4,0,2,0,0,0,0,1,0,1,1.88,2.0,13
22500225,CLE,TOR,78.6,79.2,"(""De'Andre Hunter"", 'Donovan Mitchell', 'Evan Mobley', 'Jarrett Allen', 'Sam Merrill')",3.15,3,7,6,3,2,1,3,1,0,2,2,6.0,6.0,13
22500225,CLE,TOR,78.6,78.2,"(""De'Andre Hunter"", 'Dean Wade', 'Donovan Mitchell', 'Evan Mobley', 'Sam Merrill')",1.6333333333333335,3,4,5,2,3,1,2,1,0,1,0,4.0,4.44,13
22500225,CLE,TOR,78.6,78.0,"('Craig Porter Jr.', 'Dean Wade', 'Evan Mobley', ""Nae'Qwan Tomlin"", 'Sam Merrill')",1.1666666666666667,3,0,2,0,1,0,1,0,0,1,0,1.0,2.0,13
22500225,CLE,TOR,78.0,78.4,"('Craig Porter Jr.', ""De'Andre Hunter"", 'Dean Wade', 'Jarrett Allen', 'Sam Merrill')",1.2666666666666666,2,5,1,2,0,2,0,0,0,0,1,2.0,2.44,13
22500225,CLE,TOR,78.6,78.8,"(""De'Andre Hunter"", 'Donovan Mitchell', 'Evan Mobley', 'Jarrett Allen', 'Sam Merrill')",5.549999999999998,1,15,12,6,8,4,4,1,3,1,5,16.64,13.88,13
22500225,CLE,TOR,78.2,77.4,"('Donovan Mitchell', 'Evan Mobley', 'Larry Nance Jr.', ""Nae'Qwan Tomlin"", 'Tyrese Proctor')",2.35,2,0,7,0,4,0,3,1,0,2,1,4.0,4.0,13
22500225,CLE,TOR,77.4,78.4,"('Craig Porter Jr.', 'Dean Wade', 'Donovan Mitchell', 'Evan Mobley', 'Tyrese Proctor')",0.3,1,1,0,0,0,0,0,0,1,0,0,0.44,1.0,13
22500228,CLE,MEM,78.2,80.2,"('Craig Porter Jr.', ""De'Andre Hunter"", 'Dean Wade', 'Jarrett Allen', 'Lonzo Ball')",4.418333333333334,2,16,12,4,1,4,4,3,2,1,1,9.32,9.88,14
22500228,CLE,MEM,78.8,79.2,"(""De'Andre Hunter"", 'Dean Wade', 'Jarrett Allen', 'Lonzo Ball', 'Sam Merrill')",1.1,2,3,2,1,1,1,0,0,0,0,1,1.44,2.0,14
22500228,CLE,MEM,78.2,79.8,"('Donovan Mitchell', 'Evan Mobley', 'Larry Nance Jr.', ""Nae'Qwan Tomlin"", 'Sam Merrill')",4.116666666666665,2,5,10,2,6,1,0,2,2,5,3,10.0,9.2,14
22500228,CLE,MEM,79.4,79.2,"('Dean Wade', 'Evan Mobley', 'Lonzo Ball', ""Nae'Qwan Tomlin"", 'Sam Merrill')",1.0166666666666666,2,2,0,3,1,1,0,0,0,0,1,3.0,3.0,14
22500228,CLE,MEM,77.2,81.0,"('Craig Porter Jr.', 'Dean Wade', 'Donovan Mitchell', 'Jarrett Allen', 'Lonzo Ball')",3.1166666666666667,1,10,6,4,3,2,2,1,0,2,2,9.32,11.44,14
22500228,CLE,MEM,76.8,80.6,"('Craig Porter Jr.', 'Donovan Mitchell', 'Jarrett Allen', ""Nae'Qwan Tomlin"", 'Tyrese Proctor')",0.7,3,1,2,0,1,0,0,0,0,0,0,1.44,2.0,14
22500228,CLE,MEM,80.0,79.2,"(""De'Andre Hunter"", 'Dean Wade', 'Evan Mobley', 'Lonzo Ball', ""Nae'Qwan Tomlin"")",2.5166666666666666,3,5,3,3,2,2,1,1,0,1,1,5.44,5.44,14
22500228,CLE,MEM,77.4,80.2,"('Donovan Mitchell', 'Jarrett Allen', ""Nae'Qwan Tomlin"", 'Sam Merrill', 'Tyrese Proctor')",1.7333333333333332,3,2,3,1,5,0,1,0,0,0,1,3.0,3.0,14
22500228,CLE,MEM,79.2,79.2,"(""De'Andre Hunter"", 'Dean Wade', 'Evan Mobley', 'Lonzo Ball', 'Sam Merrill')",1.6333333333333333,3,2,1,3,1,1,0,1,0,1,0,3.0,3.44,14
22500228,CLE,MEM,78.6,80.2,"(""De'Andre Hunter"", 'Donovan Mitchell', 'Evan Mobley', 'Jarrett Allen', 'Sam Merrill')",4.15,3,9,11,3,4,1,3,1,0,4,0,9.0,9.76,14
22500228,CLE,MEM,78.0,79.6,"('Craig Porter Jr.', ""De'Andre Hunter"", 'Donovan Mitchell', 'Evan Mobley', 'Jarrett Allen')",0.5833333333333334,2,0,3,0,1,0,0,1,0,2,0,2.0,1.44,14
22500228,CLE,MEM,78.8,79.2,"('Evan Mobley', 'Larry Nance Jr.', 'Lonzo Ball', ""Nae'Qwan Tomlin"", 'Sam Merrill')",0.3833333333333333,2,0,2,0,0,0,0,1,0,0,0,1.0,1.0,14
22500228,CLE,MEM,77.4,78.4,"(""De'Andre Hunter"", 'Donovan Mitchell', 'Jarrett Allen', 'Lonzo Ball', 'Sam Merrill')",0.315,2,0,0,0,0,0,0,0,0,0,0,1.0,0.0,14
22500228,CLE,MEM,77.0,80.6,"('Craig Porter Jr.', 'Donovan Mitchell', 'Jarrett Allen', 'Lonzo Ball', ""Nae'Qwan Tomlin"")",0.9333333333333332,3,3,3,1,1,0,1,1,1,0,1,3.44,3.44,14
22500228,CLE,MEM,78.0,79.4,"('Donovan Mitchell', 'Evan Mobley', 'Lonzo Ball', ""Nae'Qwan Tomlin"", 'Sam Merrill')",1.8,4,5,0,2,1,2,0,2,2,0,0,5.0,4.0,14
22500228,CLE,MEM,78.6,79.8,"(""De'Andre Hunter"", 'Dean Wade', 'Donovan Mitchell', 'Evan Mobley', 'Sam Merrill')",1.3883333333333332,4,2,0,3,1,0,0,1,0,0,0,2.0,2.0,14
22500228,CLE,MEM,78.6,79.8,"(""De'Andre Hunter"", 'Donovan Mitchell', 'Evan Mobley', 'Jarrett Allen', 'Sam Merrill')",1.3833333333333335,4,2,5,2,2,0,1,1,1,1,1,3.88,3.88,14
22500228,CLE,MEM,79.6,79.8,"(""De'Andre Hunter"", 'Dean Wade', 'Donovan Mitchell', 'Evan Mobley', 'Jarrett Allen')",2.6833333333333336,4,11,5,2,1,3,1,0,2,1,1,5.44,6.44,14
22500228,CLE,MEM,79.4,79.4,"(""De'Andre Hunter"", 'Dean Wade', 'Donovan Mitchell', 'Evan Mobley', ""Nae'Qwan Tomlin"")",2.1166666666666667,4,9,5,3,2,2,2,0,0,0,0,5.0,4.0,14
22500228,CLE,MEM,78.6,79.4,"(""De'Andre Hunter"", 'Donovan Mitchell', 'Evan Mobley', 'Lonzo Ball', ""Nae'Qwan Tomlin"")",0.4833333333333334,4,1,0,2,0,0,0,0,0,0,1,0.44,1.0,14
22500228,CLE,MEM,77.8,80.2,"('Donovan Mitchell', 'Evan Mobley', ""Nae'Qwan Tomlin"", 'Sam Merrill', 'Tyrese Proctor')",1.6666666666666663,4,2,1,2,2,1,0,0,2,3,5,4.0,5.44,14
22500228,CLE,MEM,79.2,79.0,"(""De'Andre Hunter"", 'Dean Wade', 'Evan Mobley', 'Lonzo Ball', 'Sam Merrill')",1.1166666666666667,1,3,2,0,2,1,0,0,1,2,0,2.0,2.88,14
22500228,CLE,MEM,78.6,79.0,"(""De'Andre Hunter"", 'Donovan Mitchell', 'Evan Mobley', 'Jarrett Allen', 'Sam Merrill')",4.716666666666666,1,11,15,3,6,2,3,2,2,4,4,12.32,12.2,14
22500228,CLE,MEM,78.6,79.0,"('Craig Porter Jr.', ""De'Andre Hunter"", 'Dean Wade', 'Evan Mobley', 'Lonzo Ball')",2.866666666666668,1,4,9,5,2,0,2,2,0,1,2,7.88,6.88,14
22500241,CLE,MIL,77.8,78.4,"(""De'Andre Hunter"", 'Donovan Mitchell', 'Evan Mobley', 'Lonzo Ball', 'Sam Merrill')",0.5833333333333334,4,0,1,0,0,0,0,2,1,1,0,2.0,1.44,15
22500241,CLE,MIL,78.8,78.0,"('Dean Wade', 'Donovan Mitchell', 'Evan Mobley', ""Nae'Qwan Tomlin"", 'Sam Merrill')",0.85,4,5,0,2,0,2,0,0,0,0,0,2.0,2.0,15
22500241,CLE,MIL,78.2,78.0,"('Craig Porter Jr.', 'Donovan Mitchell', 'Evan Mobley', ""Nae'Qwan Tomlin"", 'Thomas Bryant')",2.5500000000000003,4,3,3,3,0,1,1,1,0,0,1,5.0,4.0,15
22500241,CLE,MIL,78.2,78.4,"('Dean Wade', 'Donovan Mitchell', 'Evan Mobley', 'Lonzo Ball', 'Sam Merrill')",1.1333333333333333,4,3,1,1,1,1,0,0,0,2,0,2.0,1.44,15
22500241,CLE,MIL,79.4,78.4,"('Dean Wade', 'Evan Mobley', 'Lonzo Ball', ""Nae'Qwan Tomlin"", 'Sam Merrill')",2.2833333333333337,4,5,8,1,3,2,1,0,0,0,0,4.0,5.0,15
22500241,CLE,MIL,79.4,78.8,"('Evan Mobley', 'Lonzo Ball', ""Nae'Qwan Tomlin"", 'Sam Merrill', 'Thomas Bryant')",0.4833333333333333,2,0,1,1,1,0,0,0,0,1,1,1.0,1.44,15
22500241,CLE,MIL,78.6,79.4,"('Craig Porter Jr.', ""De'Andre Hunter"", 'Evan Mobley', 'Jarrett Allen', 'Lonzo Ball')",0.4166666666666666,2,2,0,1,0,0,0,0,0,0,1,0.88,1.0,15
22500241,CLE,MIL,78.0,78.8,"('Craig Porter Jr.', ""De'Andre Hunter"", 'Donovan Mitchell', 'Evan Mobley', 'Jarrett Allen')",3.533333333333334,2,11,10,2,2,3,2,1,1,2,1,7.32,10.44,15
22500241,CLE,MIL,79.4,78.8,"('Dean Wade', 'Evan Mobley', 'Lonzo Ball', ""Nae'Qwan Tomlin"", 'Sam Merrill')",0.1,2,1,0,0,0,0,0,0,0,1,0,0.44,0.0,15
22500241,CLE,MIL,78.2,78.2,"('Craig Porter Jr.', ""De'Andre Hunter"", 'Dean Wade', 'Jarrett Allen', 'Lonzo Ball')",1.6166666666666665,2,2,3,1,2,0,1,0,1,0,2,4.0,5.0,15
22500241,CLE,MIL,77.2,78.0,"('Craig Porter Jr.', 'Dean Wade', 'Donovan Mitchell', 'Jarrett Allen', 'Lonzo Ball')",4.321666666666667,3,15,13,3,2,4,2,1,1,2,1,10.44,8.76,15
22500241,CLE,MIL,78.6,79.2,"(""De'Andre Hunter"", 'Donovan Mitchell', 'Evan Mobley', 'Jarrett Allen', 'Sam Merrill')",4.383333333333333,3,11,12,5,5,2,4,1,0,2,1,9.0,9.44,15
22500241,CLE,MIL,78.6,78.4,"('Craig Porter Jr.', ""De'Andre Hunter"", 'Dean Wade', 'Evan Mobley', 'Lonzo Ball')",1.7166666666666668,3,4,3,2,2,0,1,0,1,0,1,4.0,4.0,15
22500241,CLE,MIL,79.2,78.6,"(""De'Andre Hunter"", 'Dean Wade', 'Evan Mobley', 'Lonzo Ball', 'Sam Merrill')",1.5333333333333332,3,3,3,2,1,0,0,1,1,1,1,3.44,4.0,15
22500241,CLE,MIL,78.6,78.2,"(""De'Andre Hunter"", 'Dean Wade', 'Donovan Mitchell', 'Evan Mobley', 'Sam Merrill')",3.721666666666667,4,10,5,7,2,3,0,0,0,0,1,6.88,10.0,15
22500241,CLE,MIL,78.8,78.0,"('Donovan Mitchell', 'Evan Mobley', ""Nae'Qwan Tomlin"", 'Sam Merrill', 'Thomas Bryant')",0.0666666666666666,4,0,0,0,0,0,0,1,0,1,0,1.0,0.0,15
22500241,CLE,MIL,78.6,79.2,"(""De'Andre Hunter"", 'Dean Wade', 'Donovan Mitchell', 'Evan Mobley', 'Sam Merrill')",0.6333333333333333,1,0,4,0,1,0,2,1,0,1,0,2.0,2.0,15
22500241,CLE,MIL,77.6,78.2,"('Craig Porter Jr.', 'Dean Wade', 'Donovan Mitchell', 'Evan Mobley', 'Lonzo Ball')",0.625,1,0,0,1,2,0,0,0,0,0,0,2.0,2.0,15
22500241,CLE,MIL,77.2,78.2,"('Craig Porter Jr.', 'Dean Wade', 'Donovan Mitchell', 'Jarrett Allen', 'Lonzo Ball')",4.13,1,10,7,1,2,1,2,1,3,0,0,8.0,8.0,15
22500241,CLE,MIL,78.6,79.4,"(""De'Andre Hunter"", 'Donovan Mitchell', 'Evan Mobley', 'Jarrett Allen', 'Sam Merrill')",4.383333333333335,1,10,18,1,5,3,5,1,1,2,4,9.88,9.0,15
22500241,CLE,MIL,78.6,78.8,"('Craig Porter Jr.', ""De'Andre Hunter"", 'Dean Wade', 'Evan Mobley', 'Lonzo Ball')",1.05,1,3,3,1,1,1,1,0,0,0,0,2.0,2.0,15
22500241,CLE,MIL,78.8,78.4,"('Donovan Mitchell', 'Evan Mobley', ""Nae'Qwan Tomlin"", 'Sam Merrill', 'Thomas Bryant')",3.833333333333334,2,10,5,4,1,0,2,2,3,0,1,8.440000000000001,9.44,15
22500241,CLE,MIL,79.0,78.2,"('Dean Wade', 'Jarrett Allen', 'Lonzo Ball', ""Nae'Qwan Tomlin"", 'Sam Merrill')",1.85,2,7,5,4,1,1,2,2,1,1,1,4.88,6.0,15
22500241,CLE,MIL,79.2,79.2,"(""De'Andre Hunter"", 'Dean Wade', 'Evan Mobley', 'Lonzo Ball', 'Sam Merrill')",1.1333333333333333,1,3,1,2,0,1,0,1,0,0,0,3.0,2.44,15
