game_id,team,opponent,team_avg_height,opp_avg_height,lineup,minutes_played,period,points,opp_points,rebounds,opp_rebounds,assists,opp_assists,turnovers,opp_turnovers,fouls_committed,fouls_drawn,game_number
22500001,OKC,HOU,79.6,81.6,"('Cason Wallace', 'Chet Holmgren', 'Isaiah Hartenstein', 'Luguentz Dort', 'Shai Gilgeous-Alexander')",5.75,1,15,17,5,3,4,3,2,0,3,2,1
22500001,OKC,HOU,78.4,79.6,"('Aaron Wiggins', 'Alex Caruso', 'Isaiah Hartenstein', 'Luguentz Dort', 'Shai Gilgeous-Alexander')",0.0,3,0,0,0,0,0,0,0,0,0,0,1
22500001,OKC,HOU,78.2,82.2,"('Alex Caruso', 'Cason Wallace', 'Chet Holmgren', 'Luguentz Dort', 'Shai Gilgeous-Alexander')",4.050000000000001,3,6,7,1,4,1,0,2,3,1,1,1
22500001,OKC,HOU,79.6,80.2,"('Aaron Wiggins', 'Alex Caruso', 'Chet Holmgren', 'Jaylin Williams', 'Shai Gilgeous-Alexander')",1.2999999999999998,3,2,2,1,1,1,0,0,1,1,0,1
22500001,OKC,HOU,78.0,79.6,"('Aaron Wiggins', 'Cason Wallace', 'Isaiah Hartenstein', 'Luguentz Dort', 'Shai Gilgeous-Alexander')",3.6833333333333327,3,9,4,4,7,1,0,0,2,1,0,1
22500001,OKC,HOU,79.6,80.2,"('Cason Wallace', 'Chet Holmgren', 'Isaiah Hartenstein', 'Luguentz Dort', 'Shai Gilgeous-Alexander')",0.8666666666666667,4,5,1,1,0,0,0,0,1,0,0,1
22500001,OKC,HOU,79.8,79.8,"('Aaron Wiggins', 'Ajay Mitchell', 'Alex Caruso', 'Chet Holmgren', 'Isaiah Hartenstein')",3.5,4,8,8,3,1,4,3,0,1,0,1,1
22500001,OKC,HOU,78.2,80.4,"('Alex Caruso', 'Cason Wallace', 'Chet Holmgren', 'Luguentz Dort', 'Shai Gilgeous-Alexander')",3.0,4,7,6,1,1,2,0,0,1,2,0,1
22500001,OKC,HOU,79.4,79.0,"('Ajay Mitchell', 'Alex Caruso', 'Cason Wallace', 'Chet Holmgren', 'Isaiah Hartenstein')",1.0166666666666666,4,2,2,1,0,0,0,1,0,1,1,1
22500001,OKC,HOU,78.0,80.2,"('Ajay Mitchell', 'Alex Caruso', 'Cason Wallace', 'Isaiah Hartenstein', 'Shai Gilgeous-Alexander')",0.6666666666666666,4,0,1,0,0,0,0,0,0,2,0,1
22500001,OKC,HOU,78.0,80.8,"('Aaron Wiggins', 'Cason Wallace', 'Isaiah Hartenstein', 'Luguentz Dort', 'Shai Gilgeous-Alexander')",2.95,4,7,7,2,3,1,2,0,0,0,2,1
22500001,OKC,HOU,77.8,80.2,"('Ajay Mitchell', 'Cason Wallace', 'Isaiah Hartenstein', 'Luguentz Dort', 'Shai Gilgeous-Alexander')",0.0,4,0,0,0,0,0,0,0,0,0,0,1
22500001,OKC,HOU,79.6,79.8,"('Cason Wallace', 'Chet Holmgren', 'Isaiah Hartenstein', 'Luguentz Dort', 'Shai Gilgeous-Alexander')",4.199999999999999,5,11,7,3,3,2,1,0,2,4,2,1
22500001,OKC,HOU,78.0,81.0,"('Alex Caruso', 'Cason Wallace', 'Isaiah Hartenstein', 'Luguentz Dort', 'Shai Gilgeous-Alexander')",0.8,5,0,4,0,3,0,0,0,0,0,1,1
22500001,OKC,HOU,79.4,79.6,"('Aaron Wiggins', 'Chet Holmgren', 'Jaylin Williams', 'Luguentz Dort', 'Shai Gilgeous-Alexander')",0.6166666666666667,1,1,1,0,1,0,0,0,1,0,1,1
22500001,OKC,HOU,77.6,80.2,"('Aaron Wiggins', 'Ajay Mitchell', 'Chris Youngblood', 'Jaylin Williams', 'Shai Gilgeous-Alexander')",0.0833333333333333,1,0,0,0,0,0,0,1,0,0,0,1
22500001,OKC,HOU,79.8,80.2,"('Aaron Wiggins', 'Ajay Mitchell', 'Alex Caruso', 'Chet Holmgren', 'Isaiah Hartenstein')",3.8166666666666655,2,12,10,1,1,5,3,2,3,1,2,1
22500001,OKC,HOU,79.6,79.8,"('Cason Wallace', 'Chet Holmgren', 'Isaiah Hartenstein', 'Luguentz Dort', 'Shai Gilgeous-Alexander')",1.7333333333333334,3,4,3,1,2,1,0,0,1,1,2,1
22500001,OKC,HOU,78.6,80.4,"('Aaron Wiggins', 'Alex Caruso', 'Chet Holmgren', 'Luguentz Dort', 'Shai Gilgeous-Alexander')",1.2333333333333334,3,3,6,0,1,1,2,0,0,2,0,1
22500001,OKC,HOU,77.8,80.4,"('Ajay Mitchell', 'Cason Wallace', 'Isaiah Hartenstein', 'Luguentz Dort', 'Shai Gilgeous-Alexander')",1.65,2,3,0,2,1,1,0,0,1,1,0,1
22500001,OKC,HOU,77.6,79.8,"('Ajay Mitchell', 'Alex Caruso', 'Cason Wallace', 'Isaiah Hartenstein', 'Luguentz Dort')",0.0,2,0,0,0,0,0,0,0,0,0,0,1
22500001,OKC,HOU,79.6,79.8,"('Ajay Mitchell', 'Alex Caruso', 'Chet Holmgren', 'Isaiah Hartenstein', 'Luguentz Dort')",2.45,2,3,6,2,6,1,1,0,1,1,1,1
22500001,OKC,HOU,79.2,81.6,"('Alex Caruso', 'Cason Wallace', 'Chet Holmgren', 'Jaylin Williams', 'Shai Gilgeous-Alexander')",0.0,2,0,1,0,0,0,0,0,0,1,0,1
22500001,OKC,HOU,79.0,81.6,"('Cason Wallace', 'Chet Holmgren', 'Jaylin Williams', 'Luguentz Dort', 'Shai Gilgeous-Alexander')",2.6833333333333327,2,2,7,2,2,0,2,0,0,0,0,1
22500001,OKC,HOU,79.0,79.6,"('Cason Wallace', 'Chet Holmgren', 'Jaylin Williams', 'Luguentz Dort', 'Shai Gilgeous-Alexander')",2.2000000000000006,1,8,5,2,0,2,1,0,0,2,1,1
22500001,OKC,HOU,77.2,82.2,"('Ajay Mitchell', 'Cason Wallace', 'Jaylin Williams', 'Luguentz Dort', 'Shai Gilgeous-Alexander')",1.3166666666666669,2,0,2,1,3,0,0,0,0,1,0,1
22500001,OKC,HOU,79.0,80.2,"('Ajay Mitchell', 'Cason Wallace', 'Chet Holmgren', 'Jaylin Williams', 'Shai Gilgeous-Alexander')",0.0833333333333333,2,4,1,0,0,0,0,0,0,0,2,1
22500001,OKC,HOU,78.0,80.4,"('Aaron Wiggins', 'Alex Caruso', 'Brooks Barnhizer', 'Jaylin Williams', 'Shai Gilgeous-Alexander')",2.2666666666666666,1,3,5,1,3,1,2,2,2,0,1,1
22500001,OKC,HOU,77.8,80.4,"('Aaron Wiggins', 'Ajay Mitchell', 'Brooks Barnhizer', 'Jaylin Williams', 'Shai Gilgeous-Alexander')",0.0,1,0,0,0,0,0,0,0,0,0,0,1
22500001,OKC,HOU,77.8,80.4,"('Aaron Wiggins', 'Alex Caruso', 'Jaylin Williams', 'Luguentz Dort', 'Shai Gilgeous-Alexander')",1.0833333333333333,1,0,2,0,2,0,1,0,0,0,0,1
22500005,OKC,IND,80.2,78.2,"('Aaron Wiggins', 'Brooks Barnhizer', 'Chet Holmgren', 'Isaiah Hartenstein', 'Shai Gilgeous-Alexander')",2.7833333333333337,1,8,11,1,2,0,2,1,1,2,3,2
22500005,OKC,IND,79.0,78.2,"('Ajay Mitchell', 'Brooks Barnhizer', 'Chet Holmgren', 'Jaylin Williams', 'Luguentz Dort')",1.15,1,2,2,2,1,0,0,0,0,1,0,2
22500005,OKC,IND,79.0,79.2,"('Chris Youngblood', 'Isaiah Hartenstein', 'Luguentz Dort', 'Ousmane Dieng', 'Shai Gilgeous-Alexander')",0.0,2,0,0,0,0,0,0,0,0,0,0,2
22500005,OKC,IND,79.0,79.4,"('Ajay Mitchell', 'Brooks Barnhizer', 'Chet Holmgren', 'Jaylin Williams', 'Luguentz Dort')",1.8000000000000005,3,2,6,3,1,0,1,2,0,1,1,2
22500005,OKC,IND,79.8,78.6,"('Ajay Mitchell', 'Chet Holmgren', 'Jaylin Williams', 'Luguentz Dort', 'Ousmane Dieng')",0.9333333333333336,3,2,4,0,1,1,1,1,1,0,0,2
22500005,OKC,IND,80.2,78.6,"('Ajay Mitchell', 'Chet Holmgren', 'Jaylin Williams', 'Ousmane Dieng', 'Shai Gilgeous-Alexander')",0.0,3,0,0,0,0,0,0,0,0,0,0,2
22500005,OKC,IND,79.0,79.4,"('Aaron Wiggins', 'Brooks Barnhizer', 'Isaiah Hartenstein', 'Jaylin Williams', 'Luguentz Dort')",0.0,3,0,0,0,0,0,0,0,0,0,0,2
22500005,OKC,IND,79.4,78.6,"('Aaron Wiggins', 'Ajay Mitchell', 'Chet Holmgren', 'Ousmane Dieng', 'Shai Gilgeous-Alexander')",1.716666666666667,3,6,4,2,1,0,2,0,0,1,1,2
22500005,OKC,IND,78.4,79.4,"('Aaron Wiggins', 'Brooks Barnhizer', 'Isaiah Hartenstein', 'Luguentz Dort', 'Shai Gilgeous-Alexander')",3.8166666666666655,3,11,12,5,3,0,3,2,0,2,3,2
22500005,OKC,IND,78.2,79.2,"('Aaron Wiggins', 'Ajay Mitchell', 'Chris Youngblood', 'Isaiah Hartenstein', 'Shai Gilgeous-Alexander')",0.2,3,0,0,0,1,0,0,0,0,0,0,2
22500005,OKC,IND,80.0,78.4,"('Aaron Wiggins', 'Chet Holmgren', 'Isaiah Hartenstein', 'Luguentz Dort', 'Shai Gilgeous-Alexander')",2.5000000000000004,3,3,5,4,3,0,1,2,1,1,0,2
22500005,OKC,IND,79.2,78.8,"('Aaron Wiggins', 'Ajay Mitchell', 'Isaiah Hartenstein', 'Ousmane Dieng', 'Shai Gilgeous-Alexander')",1.0333333333333332,3,3,0,2,1,0,0,0,1,0,1,2
22500005,OKC,IND,80.6,79.4,"('Brooks Barnhizer', 'Chet Holmgren', 'Isaiah Hartenstein', 'Jaylin Williams', 'Luguentz Dort')",0.0,3,0,0,0,0,0,0,0,0,0,0,2
22500005,OKC,IND,79.2,79.2,"('Ajay Mitchell', 'Chet Holmgren', 'Jaylin Williams', 'Luguentz Dort', 'Shai Gilgeous-Alexander')",1.6333333333333333,4,3,5,0,2,1,0,0,0,1,0,2
22500005,OKC,IND,79.2,78.8,"('Aaron Wiggins', 'Isaiah Hartenstein', 'Luguentz Dort', 'Ousmane Dieng', 'Shai Gilgeous-Alexander')",1.6166666666666667,4,2,4,1,2,1,0,0,0,1,1,2
22500005,OKC,IND,80.4,79.2,"('Ajay Mitchell', 'Chet Holmgren', 'Isaiah Hartenstein', 'Jaylin Williams', 'Luguentz Dort')",0.0,4,0,0,0,0,0,0,0,0,0,0,2
22500005,OKC,IND,79.8,79.0,"('Ajay Mitchell', 'Chet Holmgren', 'Isaiah Hartenstein', 'Luguentz Dort', 'Shai Gilgeous-Alexander')",5.433333333333332,4,16,12,6,5,2,2,0,1,3,4,2
22500005,OKC,IND,79.6,79.0,"('Aaron Wiggins', 'Ajay Mitchell', 'Chet Holmgren', 'Isaiah Hartenstein', 'Luguentz Dort')",1.8833333333333333,4,7,9,3,1,2,1,0,0,1,3,2
22500005,OKC,IND,80.0,78.8,"('Aaron Wiggins', 'Chet Holmgren', 'Isaiah Hartenstein', 'Luguentz Dort', 'Shai Gilgeous-Alexander')",0.5499999999999999,4,2,2,1,1,1,0,0,0,1,0,2
22500005,OKC,IND,79.8,79.4,"('Ajay Mitchell', 'Chet Holmgren', 'Jaylin Williams', 'Luguentz Dort', 'Ousmane Dieng')",1.1999999999999995,1,2,5,1,1,0,0,1,0,0,0,2
22500005,OKC,IND,78.2,79.6,"('Aaron Wiggins', 'Ajay Mitchell', 'Jaylin Williams', 'Luguentz Dort', 'Ousmane Dieng')",2.966666666666666,1,4,2,5,4,1,1,0,0,0,1,2
22500005,OKC,IND,79.6,78.2,"('Aaron Wiggins', 'Brooks Barnhizer', 'Chet Holmgren', 'Jaylin Williams', 'Shai Gilgeous-Alexander')",1.6166666666666667,1,3,3,1,2,0,1,0,0,1,0,2
22500005,OKC,IND,80.0,78.0,"('Aaron Wiggins', 'Chet Holmgren', 'Isaiah Hartenstein', 'Luguentz Dort', 'Shai Gilgeous-Alexander')",2.2833333333333337,1,3,2,1,2,0,0,3,3,3,2,2
22500005,OKC,IND,77.6,78.4,"('Brooks Barnhizer', 'Chris Youngblood', 'Jaylin Williams', 'Luguentz Dort', 'Shai Gilgeous-Alexander')",2.4166666666666665,2,10,4,2,1,2,0,0,1,1,2,2
22500005,OKC,IND,78.2,78.2,"('Aaron Wiggins', 'Ajay Mitchell', 'Branden Carlson', 'Chris Youngblood', 'Shai Gilgeous-Alexander')",0.1833333333333333,2,1,1,0,0,0,0,0,0,0,1,2
22500005,OKC,IND,79.0,78.6,"('Ajay Mitchell', 'Brooks Barnhizer', 'Chet Holmgren', 'Jaylin Williams', 'Luguentz Dort')",0.2666666666666666,2,0,0,1,0,0,0,1,0,1,0,2
22500005,OKC,IND,79.0,79.2,"('Ajay Mitchell', 'Chris Youngblood', 'Isaiah Hartenstein', 'Ousmane Dieng', 'Shai Gilgeous-Alexander')",2.983333333333333,2,7,4,3,3,2,1,1,1,2,0,2
22500005,OKC,IND,80.0,78.2,"('Aaron Wiggins', 'Ajay Mitchell', 'Chet Holmgren', 'Isaiah Hartenstein', 'Shai Gilgeous-Alexander')",1.7166666666666666,2,3,2,1,1,0,0,0,1,1,1,2
22500005,OKC,IND,79.2,78.2,"('Aaron Wiggins', 'Ajay Mitchell', 'Branden Carlson', 'Ousmane Dieng', 'Shai Gilgeous-Alexander')",0.9166666666666669,2,5,3,1,1,0,0,0,0,1,0,2
22500005,OKC,IND,79.4,78.2,"('Aaron Wiggins', 'Ajay Mitchell', 'Chet Holmgren', 'Ousmane Dieng', 'Shai Gilgeous-Alexander')",0.5333333333333333,2,1,2,0,1,0,1,0,0,0,1,2
22500005,OKC,IND,79.0,78.4,"('Brooks Barnhizer', 'Chet Holmgren', 'Chris Youngblood', 'Jaylin Williams', 'Luguentz Dort')",0.0,2,0,0,0,0,0,0,0,0,0,0,2
22500005,OKC,IND,79.6,78.6,"('Ajay Mitchell', 'Brooks Barnhizer', 'Chet Holmgren', 'Isaiah Hartenstein', 'Luguentz Dort')",0.4,2,0,3,0,0,0,1,0,0,0,1,2
22500005,OKC,IND,79.6,78.0,"('Aaron Wiggins', 'Ajay Mitchell', 'Chet Holmgren', 'Isaiah Hartenstein', 'Luguentz Dort')",2.05,2,5,0,4,5,1,0,0,1,1,3,2
22500005,OKC,IND,79.2,78.2,"('Aaron Wiggins', 'Brooks Barnhizer', 'Chet Holmgren', 'Jaylin Williams', 'Luguentz Dort')",0.0,1,0,0,0,0,0,0,0,0,0,0,2
22500005,OKC,IND,78.4,78.2,"('Chris Youngblood', 'Jaylin Williams', 'Luguentz Dort', 'Ousmane Dieng', 'Shai Gilgeous-Alexander')",0.5333333333333333,2,0,3,0,1,0,1,0,0,1,0,2
22500005,OKC,IND,79.2,78.8,"('Aaron Wiggins', 'Ajay Mitchell', 'Isaiah Hartenstein', 'Ousmane Dieng', 'Shai Gilgeous-Alexander')",0.8833333333333333,4,2,3,0,1,1,0,0,0,1,0,2
22500005,OKC,IND,79.8,79.0,"('Ajay Mitchell', 'Chet Holmgren', 'Isaiah Hartenstein', 'Luguentz Dort', 'Shai Gilgeous-Alexander')",3.5,5,11,9,2,1,0,0,0,1,2,4,2
22500005,OKC,IND,78.2,79.0,"('Aaron Wiggins', 'Ajay Mitchell', 'Isaiah Hartenstein', 'Luguentz Dort', 'Shai Gilgeous-Alexander')",1.5000000000000002,5,0,2,1,3,0,0,0,0,3,0,2
22500038,OKC,SAC,80.6,77.2,"('Cason Wallace', 'Chet Holmgren', 'Isaiah Hartenstein', 'Jaylin Williams', 'Shai Gilgeous-Alexander')",0.0,1,0,0,0,0,0,0,0,0,0,0,3
22500038,OKC,SAC,77.6,77.4,"('Ajay Mitchell', 'Alex Caruso', 'Cason Wallace', 'Isaiah Hartenstein', 'Isaiah Joe')",1.3333333333333337,4,6,0,2,0,2,0,0,1,0,0,3
22500038,OKC,SAC,78.6,78.2,"('Ajay Mitchell', 'Alex Caruso', 'Cason Wallace', 'Isaiah Hartenstein', 'Ousmane Dieng')",2.3833333333333333,4,7,5,3,2,1,1,1,0,0,3,3
22500038,OKC,SAC,78.2,78.4,"('Brooks Barnhizer', 'Chris Youngblood', 'Isaiah Joe', 'Jaylin Williams', 'Ousmane Dieng')",4.199999999999999,4,7,6,7,6,1,1,2,0,3,1,3
22500038,OKC,SAC,78.0,78.4,"('Ajay Mitchell', 'Chris Youngblood', 'Isaiah Joe', 'Jaylin Williams', 'Ousmane Dieng')",0.0,4,0,0,0,0,0,0,0,0,0,0,3
22500038,OKC,SAC,79.6,77.2,"('Ajay Mitchell', 'Cason Wallace', 'Chet Holmgren', 'Isaiah Hartenstein', 'Shai Gilgeous-Alexander')",3.083333333333334,3,5,8,3,2,1,1,2,0,2,1,3
22500038,OKC,SAC,77.2,77.4,"('Ajay Mitchell', 'Cason Wallace', 'Isaiah Joe', 'Jaylin Williams', 'Shai Gilgeous-Alexander')",1.9166666666666667,3,3,4,1,3,0,1,0,2,0,2,3
22500038,OKC,SAC,79.0,78.2,"('Ajay Mitchell', 'Isaiah Hartenstein', 'Isaiah Joe', 'Jaylin Williams', 'Shai Gilgeous-Alexander')",0.0333333333333333,3,0,0,0,0,0,0,0,0,0,0,3
22500038,OKC,SAC,77.6,77.4,"('Ajay Mitchell', 'Alex Caruso', 'Isaiah Joe', 'Jaylin Williams', 'Shai Gilgeous-Alexander')",0.0,3,0,0,0,0,0,0,0,0,0,0,3
22500038,OKC,SAC,77.8,77.4,"('Ajay Mitchell', 'Cason Wallace', 'Isaiah Hartenstein', 'Isaiah Joe', 'Shai Gilgeous-Alexander')",2.35,3,7,8,1,3,2,2,0,0,1,1,3
22500038,OKC,SAC,79.2,78.2,"('Alex Caruso', 'Isaiah Hartenstein', 'Isaiah Joe', 'Jaylin Williams', 'Shai Gilgeous-Alexander')",4.616666666666667,3,13,7,5,1,4,1,1,1,1,0,3
22500038,OKC,SAC,79.6,77.4,"('Cason Wallace', 'Chet Holmgren', 'Isaiah Hartenstein', 'Isaiah Joe', 'Shai Gilgeous-Alexander')",0.7833333333333333,2,3,0,2,0,1,0,0,0,0,0,3
22500038,OKC,SAC,80.6,78.0,"('Ajay Mitchell', 'Alex Caruso', 'Chet Holmgren', 'Isaiah Hartenstein', 'Ousmane Dieng')",5.433333333333334,2,18,13,5,2,6,4,1,3,1,3,3
22500038,OKC,SAC,80.6,78.4,"('Ajay Mitchell', 'Alex Caruso', 'Chet Holmgren', 'Isaiah Hartenstein', 'Ousmane Dieng')",2.3000000000000003,4,8,0,4,1,1,0,2,2,1,1,3
22500038,OKC,SAC,77.8,78.4,"('Ajay Mitchell', 'Cason Wallace', 'Isaiah Joe', 'Jaylin Williams', 'Ousmane Dieng')",1.15,4,6,3,1,1,1,1,0,1,0,0,3
22500038,OKC,SAC,78.4,77.4,"('Ajay Mitchell', 'Cason Wallace', 'Isaiah Hartenstein', 'Isaiah Joe', 'Jaylin Williams')",0.0,4,0,0,0,0,0,0,0,0,0,0,3
22500038,OKC,SAC,78.8,78.4,"('Ajay Mitchell', 'Alex Caruso', 'Cason Wallace', 'Chet Holmgren', 'Ousmane Dieng')",0.6333333333333334,4,0,4,0,1,0,2,0,0,0,0,3
22500038,OKC,SAC,79.0,76.8,"('Cason Wallace', 'Chet Holmgren', 'Isaiah Joe', 'Jaylin Williams', 'Shai Gilgeous-Alexander')",1.3333333333333337,2,7,2,1,1,1,1,0,1,1,2,3
22500038,OKC,SAC,78.6,78.0,"('Ajay Mitchell', 'Alex Caruso', 'Cason Wallace', 'Isaiah Hartenstein', 'Ousmane Dieng')",0.0,2,0,0,0,0,0,0,0,0,0,0,3
22500038,OKC,SAC,77.6,76.0,"('Alex Caruso', 'Chris Youngblood', 'Isaiah Joe', 'Jaylin Williams', 'Shai Gilgeous-Alexander')",3.7166666666666672,1,6,12,1,6,1,4,0,1,0,2,3
22500038,OKC,SAC,77.6,78.6,"('Ajay Mitchell', 'Alex Caruso', 'Cason Wallace', 'Isaiah Hartenstein', 'Isaiah Joe')",1.1166666666666667,2,3,2,2,1,1,1,0,0,1,0,3
22500038,OKC,SAC,77.4,78.6,"('Alex Caruso', 'Cason Wallace', 'Isaiah Joe', 'Jaylin Williams', 'Shai Gilgeous-Alexander')",0.0,1,0,0,0,0,0,0,0,0,0,0,3
22500038,OKC,SAC,79.0,78.6,"('Cason Wallace', 'Chet Holmgren', 'Isaiah Joe', 'Jaylin Williams', 'Shai Gilgeous-Alexander')",1.5166666666666666,1,1,5,1,3,0,1,0,0,0,1,3
22500038,OKC,SAC,79.6,77.2,"('Ajay Mitchell', 'Cason Wallace', 'Chet Holmgren', 'Isaiah Hartenstein', 'Shai Gilgeous-Alexander')",6.333333333333331,1,22,15,8,3,4,5,1,1,2,3,3
22500038,OKC,SAC,77.8,77.4,"('Ajay Mitchell', 'Cason Wallace', 'Isaiah Hartenstein', 'Isaiah Joe', 'Shai Gilgeous-Alexander')",0.85,2,2,2,2,0,0,0,0,0,0,0,3
22500038,OKC,SAC,78.4,78.6,"('Ajay Mitchell', 'Cason Wallace', 'Isaiah Hartenstein', 'Isaiah Joe', 'Jaylin Williams')",0.0,2,0,0,0,0,0,0,0,0,0,0,3
22500038,OKC,SAC,77.2,77.2,"('Ajay Mitchell', 'Cason Wallace', 'Isaiah Joe', 'Jaylin Williams', 'Shai Gilgeous-Alexander')",2.4833333333333334,2,7,5,2,2,0,1,1,2,3,0,3
22500038,OKC,SAC,78.6,76.0,"('Alex Caruso', 'Isaiah Joe', 'Jaylin Williams', 'Ousmane Dieng', 'Shai Gilgeous-Alexander')",0.4333333333333333,1,1,0,1,0,0,0,0,0,0,0,3
22500101,OKC,ATL,78.2,80.2,"('Ajay Mitchell', 'Brooks Barnhizer', 'Chris Youngblood', 'Jaylin Williams', 'Ousmane Dieng')",2.7,4,0,5,2,4,0,0,2,0,0,0,4
22500101,OKC,ATL,78.0,79.0,"('Aaron Wiggins', 'Cason Wallace', 'Isaiah Hartenstein', 'Luguentz Dort', 'Shai Gilgeous-Alexander')",2.65,2,6,3,3,3,0,0,0,1,1,0,4
22500101,OKC,ATL,77.4,78.6,"('Aaron Wiggins', 'Cason Wallace', 'Chris Youngblood', 'Jaylin Williams', 'Shai Gilgeous-Alexander')",3.2333333333333343,2,8,3,6,4,0,0,0,1,2,2,4
22500101,OKC,ATL,79.8,79.0,"('Ajay Mitchell', 'Chet Holmgren', 'Isaiah Hartenstein', 'Luguentz Dort', 'Shai Gilgeous-Alexander')",0.0,2,0,0,0,0,0,0,0,0,0,0,4
22500101,OKC,ATL,78.0,79.0,"('Ajay Mitchell', 'Cason Wallace', 'Chet Holmgren', 'Luguentz Dort', 'Shai Gilgeous-Alexander')",0.8333333333333333,2,2,5,1,1,0,2,0,0,1,0,4
22500101,OKC,ATL,77.2,79.0,"('Aaron Wiggins', 'Ajay Mitchell', 'Brooks Barnhizer', 'Cason Wallace', 'Jaylin Williams')",1.883333333333333,1,7,4,2,3,3,1,0,1,2,0,4
22500101,OKC,ATL,77.4,79.0,"('Ajay Mitchell', 'Brooks Barnhizer', 'Cason Wallace', 'Jaylin Williams', 'Shai Gilgeous-Alexander')",1.0166666666666666,1,0,1,1,1,0,0,0,0,0,0,4
22500101,OKC,ATL,79.0,79.0,"('Aaron Wiggins', 'Ajay Mitchell', 'Chet Holmgren', 'Jaylin Williams', 'Luguentz Dort')",2.1,1,2,5,2,5,1,1,0,1,1,1,4
22500101,OKC,ATL,79.6,79.8,"('Cason Wallace', 'Chet Holmgren', 'Isaiah Hartenstein', 'Luguentz Dort', 'Shai Gilgeous-Alexander')",5.483333333333333,1,14,14,6,4,2,4,2,1,1,2,4
22500101,OKC,ATL,80.4,79.6,"('Ajay Mitchell', 'Chet Holmgren', 'Isaiah Hartenstein', 'Jaylin Williams', 'Luguentz Dort')",0.0,1,0,0,0,0,0,0,0,0,0,0,4
22500101,OKC,ATL,79.2,79.6,"('Ajay Mitchell', 'Cason Wallace', 'Chet Holmgren', 'Isaiah Hartenstein', 'Luguentz Dort')",1.5166666666666666,1,8,2,1,0,3,1,0,0,0,0,4
22500101,OKC,ATL,79.2,79.0,"('Aaron Wiggins', 'Ajay Mitchell', 'Brooks Barnhizer', 'Chet Holmgren', 'Jaylin Williams')",0.0,1,0,0,0,0,0,0,0,0,0,0,4
22500101,OKC,ATL,77.8,79.2,"('Aaron Wiggins', 'Ajay Mitchell', 'Chris Youngblood', 'Isaiah Hartenstein', 'Luguentz Dort')",0.0,2,0,0,0,0,0,0,0,0,0,0,4
22500101,OKC,ATL,78.0,78.6,"('Aaron Wiggins', 'Cason Wallace', 'Chris Youngblood', 'Isaiah Hartenstein', 'Shai Gilgeous-Alexander')",0.0,2,0,0,0,0,0,0,0,0,0,0,4
22500101,OKC,ATL,79.6,79.0,"('Aaron Wiggins', 'Ajay Mitchell', 'Chet Holmgren', 'Isaiah Hartenstein', 'Luguentz Dort')",1.7666666666666666,2,2,3,2,2,1,1,1,1,2,2,4
22500101,OKC,ATL,78.2,79.2,"('Aaron Wiggins', 'Ajay Mitchell', 'Chris Youngblood', 'Isaiah Hartenstein', 'Shai Gilgeous-Alexander')",2.1500000000000004,2,6,7,1,2,1,3,0,0,1,0,4
22500101,OKC,ATL,77.8,79.0,"('Aaron Wiggins', 'Ajay Mitchell', 'Brooks Barnhizer', 'Jaylin Williams', 'Shai Gilgeous-Alexander')",0.35,3,1,3,0,0,0,1,0,0,0,1,4
22500101,OKC,ATL,79.6,79.2,"('Aaron Wiggins', 'Ajay Mitchell', 'Chet Holmgren', 'Isaiah Hartenstein', 'Luguentz Dort')",5.466666666666665,4,10,7,9,6,2,2,2,2,0,5,4
22500101,OKC,ATL,79.8,80.2,"('Branden Carlson', 'Brooks Barnhizer', 'Chris Youngblood', 'Jaylin Williams', 'Ousmane Dieng')",2.066666666666667,4,4,5,1,1,0,0,1,0,3,2,4
22500101,OKC,ATL,77.8,79.0,"('Ajay Mitchell', 'Cason Wallace', 'Isaiah Hartenstein', 'Luguentz Dort', 'Shai Gilgeous-Alexander')",1.3666666666666667,2,5,8,1,1,1,3,0,0,0,0,4
22500101,OKC,ATL,79.6,79.0,"('Cason Wallace', 'Chet Holmgren', 'Isaiah Hartenstein', 'Luguentz Dort', 'Shai Gilgeous-Alexander')",2.483333333333333,3,8,1,1,1,1,0,1,3,2,2,4
22500101,OKC,ATL,77.4,78.8,"('Ajay Mitchell', 'Brooks Barnhizer', 'Cason Wallace', 'Jaylin Williams', 'Shai Gilgeous-Alexander')",2.833333333333333,3,7,6,2,2,2,2,1,2,0,1,4
22500101,OKC,ATL,80.0,79.6,"('Aaron Wiggins', 'Ajay Mitchell', 'Chet Holmgren', 'Isaiah Hartenstein', 'Shai Gilgeous-Alexander')",1.0333333333333334,3,4,3,0,0,1,1,0,1,1,0,4
22500101,OKC,ATL,77.2,78.8,"('Ajay Mitchell', 'Cason Wallace', 'Jaylin Williams', 'Luguentz Dort', 'Shai Gilgeous-Alexander')",0.15,3,0,0,1,0,0,0,0,0,0,0,4
22500101,OKC,ATL,78.6,80.2,"('Aaron Wiggins', 'Ajay Mitchell', 'Cason Wallace', 'Isaiah Hartenstein', 'Jaylin Williams')",0.0,4,0,0,0,0,0,0,0,0,0,0,4
22500101,OKC,ATL,77.2,78.8,"('Ajay Mitchell', 'Cason Wallace', 'Chris Youngblood', 'Jaylin Williams', 'Shai Gilgeous-Alexander')",0.3833333333333333,3,2,0,0,1,0,0,0,0,1,0,4
22500101,OKC,ATL,79.4,78.8,"('Aaron Wiggins', 'Ajay Mitchell', 'Chet Holmgren', 'Jaylin Williams', 'Shai Gilgeous-Alexander')",1.4333333333333331,3,5,3,2,0,1,0,1,0,0,0,4
22500101,OKC,ATL,80.0,79.8,"('Aaron Wiggins', 'Chet Holmgren', 'Isaiah Hartenstein', 'Luguentz Dort', 'Shai Gilgeous-Alexander')",3.333333333333333,3,12,9,4,1,2,3,1,2,0,4,4
22500101,OKC,ATL,78.0,80.2,"('Ajay Mitchell', 'Brooks Barnhizer', 'Cason Wallace', 'Jaylin Williams', 'Ousmane Dieng')",0.0,4,0,0,0,0,0,0,0,0,0,0,4
22500101,OKC,ATL,79.4,80.2,"('Ajay Mitchell', 'Cason Wallace', 'Isaiah Hartenstein', 'Jaylin Williams', 'Ousmane Dieng')",0.0,4,0,0,0,0,0,0,0,0,0,0,4
22500101,OKC,ATL,79.4,80.2,"('Aaron Wiggins', 'Ajay Mitchell', 'Cason Wallace', 'Chet Holmgren', 'Isaiah Hartenstein')",1.7666666666666666,4,4,3,2,4,0,0,0,0,1,2,4
22500119,OKC,DAL,80.0,79.0,"('Aaron Wiggins', 'Chet Holmgren', 'Isaiah Hartenstein', 'Luguentz Dort', 'Shai Gilgeous-Alexander')",0.0,2,0,0,0,0,0,0,0,0,0,0,5
22500119,OKC,DAL,78.0,77.6,"('Aaron Wiggins', 'Ajay Mitchell', 'Cason Wallace', 'Isaiah Hartenstein', 'Shai Gilgeous-Alexander')",0.45,4,0,3,0,0,0,1,0,0,0,0,5
22500119,OKC,DAL,77.8,77.6,"('Ajay Mitchell', 'Cason Wallace', 'Isaiah Hartenstein', 'Luguentz Dort', 'Shai Gilgeous-Alexander')",1.8833333333333333,4,0,6,1,3,0,2,0,0,0,0,5
22500119,OKC,DAL,79.4,77.6,"('Aaron Wiggins', 'Ajay Mitchell', 'Cason Wallace', 'Chet Holmgren', 'Isaiah Hartenstein')",4.199999999999998,4,6,5,7,1,2,0,5,1,6,1,5
22500119,OKC,DAL,77.4,77.6,"('Aaron Wiggins', 'Ajay Mitchell', 'Cason Wallace', 'Jaylin Williams', 'Shai Gilgeous-Alexander')",0.0833333333333333,3,1,0,0,0,0,0,0,0,0,0,5
22500119,OKC,DAL,79.4,78.2,"('Aaron Wiggins', 'Chet Holmgren', 'Jaylin Williams', 'Luguentz Dort', 'Shai Gilgeous-Alexander')",1.0666666666666669,3,3,2,1,1,1,0,0,0,2,0,5
22500119,OKC,DAL,77.8,77.6,"('Aaron Wiggins', 'Ajay Mitchell', 'Brooks Barnhizer', 'Jaylin Williams', 'Shai Gilgeous-Alexander')",2.6333333333333333,3,12,10,1,2,0,2,1,2,0,3,5
22500119,OKC,DAL,78.2,77.6,"('Aaron Wiggins', 'Ajay Mitchell', 'Isaiah Hartenstein', 'Luguentz Dort', 'Shai Gilgeous-Alexander')",1.5833333333333337,3,2,1,2,1,0,0,0,0,1,2,5
22500119,OKC,DAL,79.0,78.6,"('Cason Wallace', 'Chet Holmgren', 'Jaylin Williams', 'Luguentz Dort', 'Shai Gilgeous-Alexander')",3.466666666666666,3,9,4,4,2,2,1,1,0,1,1,5
22500119,OKC,DAL,80.0,78.2,"('Aaron Wiggins', 'Chet Holmgren', 'Isaiah Hartenstein', 'Luguentz Dort', 'Shai Gilgeous-Alexander')",0.0,3,0,0,0,0,0,0,0,0,0,0,5
22500119,OKC,DAL,79.2,77.6,"('Aaron Wiggins', 'Ajay Mitchell', 'Isaiah Hartenstein', 'Jaylin Williams', 'Shai Gilgeous-Alexander')",0.0,3,0,0,0,0,0,0,0,0,0,0,5
22500119,OKC,DAL,79.6,79.4,"('Cason Wallace', 'Chet Holmgren', 'Isaiah Hartenstein', 'Luguentz Dort', 'Shai Gilgeous-Alexander')",0.65,4,2,2,1,0,1,1,0,0,0,0,5
22500119,OKC,DAL,79.8,77.6,"('Ajay Mitchell', 'Chet Holmgren', 'Isaiah Hartenstein', 'Luguentz Dort', 'Shai Gilgeous-Alexander')",2.8500000000000005,4,2,5,4,2,0,2,2,0,1,2,5
22500119,OKC,DAL,78.2,79.4,"('Aaron Wiggins', 'Ajay Mitchell', 'Cason Wallace', 'Chet Holmgren', 'Shai Gilgeous-Alexander')",0.0166666666666666,4,1,0,0,0,0,0,0,0,0,1,5
22500119,OKC,DAL,79.8,79.4,"('Aaron Wiggins', 'Cason Wallace', 'Chet Holmgren', 'Isaiah Hartenstein', 'Shai Gilgeous-Alexander')",0.0,4,0,0,0,0,0,0,0,0,0,0,5
22500119,OKC,DAL,78.0,77.6,"('Aaron Wiggins', 'Cason Wallace', 'Isaiah Hartenstein', 'Luguentz Dort', 'Shai Gilgeous-Alexander')",1.6,4,0,4,3,0,0,1,0,0,1,0,5
22500119,OKC,DAL,78.0,79.4,"('Ajay Mitchell', 'Cason Wallace', 'Chet Holmgren', 'Luguentz Dort', 'Shai Gilgeous-Alexander')",0.35,4,3,0,1,0,0,0,0,0,0,1,5
22500119,OKC,DAL,77.8,78.2,"('Ajay Mitchell', 'Cason Wallace', 'Isaiah Hartenstein', 'Luguentz Dort', 'Shai Gilgeous-Alexander')",0.0,2,0,0,0,0,0,0,0,0,0,0,5
22500119,OKC,DAL,79.6,78.0,"('Cason Wallace', 'Chet Holmgren', 'Isaiah Hartenstein', 'Luguentz Dort', 'Shai Gilgeous-Alexander')",3.166666666666667,3,12,10,2,1,3,3,0,2,1,1,5
22500119,OKC,DAL,78.8,79.0,"('Aaron Wiggins', 'Ajay Mitchell', 'Cason Wallace', 'Chet Holmgren', 'Jaylin Williams')",5.583333333333333,2,10,10,7,7,2,0,2,1,2,1,5
22500119,OKC,DAL,79.6,78.2,"('Cason Wallace', 'Chet Holmgren', 'Isaiah Hartenstein', 'Luguentz Dort', 'Shai Gilgeous-Alexander')",6.63333333333333,1,16,12,8,6,4,2,0,1,3,0,5
22500119,OKC,DAL,77.4,78.4,"('Aaron Wiggins', 'Ajay Mitchell', 'Cason Wallace', 'Jaylin Williams', 'Shai Gilgeous-Alexander')",1.85,1,2,3,3,2,0,1,1,1,2,1,5
22500119,OKC,DAL,80.0,76.8,"('Aaron Wiggins', 'Ajay Mitchell', 'Chet Holmgren', 'Isaiah Hartenstein', 'Shai Gilgeous-Alexander')",0.0,1,0,0,0,0,0,0,0,0,0,0,5
22500119,OKC,DAL,77.8,76.8,"('Aaron Wiggins', 'Ajay Mitchell', 'Brooks Barnhizer', 'Jaylin Williams', 'Shai Gilgeous-Alexander')",1.3,1,2,3,1,2,1,1,1,0,1,1,5
22500119,OKC,DAL,76.4,78.4,"('Aaron Wiggins', 'Ajay Mitchell', 'Cason Wallace', 'Chris Youngblood', 'Shai Gilgeous-Alexander')",0.35,1,3,0,0,0,1,0,0,0,0,0,5
22500119,OKC,DAL,78.4,76.8,"('Aaron Wiggins', 'Ajay Mitchell', 'Brooks Barnhizer', 'Isaiah Hartenstein', 'Shai Gilgeous-Alexander')",0.0,1,0,0,0,0,0,0,0,0,0,0,5
22500119,OKC,DAL,80.0,76.8,"('Aaron Wiggins', 'Chet Holmgren', 'Isaiah Hartenstein', 'Luguentz Dort', 'Shai Gilgeous-Alexander')",1.8666666666666667,1,5,6,0,1,2,2,0,0,0,0,5
22500119,OKC,DAL,77.6,78.2,"('Aaron Wiggins', 'Ajay Mitchell', 'Cason Wallace', 'Isaiah Hartenstein', 'Luguentz Dort')",2.749999999999999,2,4,5,3,3,1,1,0,0,0,0,5
22500119,OKC,DAL,79.4,79.0,"('Aaron Wiggins', 'Chet Holmgren', 'Jaylin Williams', 'Luguentz Dort', 'Shai Gilgeous-Alexander')",1.416666666666667,2,0,0,3,2,0,0,0,0,0,0,5
22500119,OKC,DAL,80.0,79.0,"('Brooks Barnhizer', 'Chet Holmgren', 'Isaiah Hartenstein', 'Luguentz Dort', 'Shai Gilgeous-Alexander')",0.8833333333333333,2,2,1,1,0,1,0,0,0,1,0,5
22500119,OKC,DAL,78.2,79.0,"('Ajay Mitchell', 'Brooks Barnhizer', 'Isaiah Hartenstein', 'Luguentz Dort', 'Shai Gilgeous-Alexander')",1.3666666666666667,2,4,2,2,0,0,0,0,0,1,0,5
22500119,OKC,DAL,79.4,79.0,"('Aaron Wiggins', 'Ajay Mitchell', 'Cason Wallace', 'Chet Holmgren', 'Isaiah Hartenstein')",0.0,2,0,0,0,0,0,0,0,0,0,0,5
22500126,OKC,SAC,78.0,77.2,"('Aaron Wiggins', 'Ajay Mitchell', 'Alex Caruso', 'Isaiah Hartenstein', 'Luguentz Dort')",3.449999999999999,4,8,7,3,3,2,1,0,1,1,0,6
22500126,OKC,SAC,78.0,76.6,"('Aaron Wiggins', 'Ajay Mitchell', 'Cason Wallace', 'Isaiah Hartenstein', 'Shai Gilgeous-Alexander')",1.4833333333333334,4,2,5,1,0,1,1,2,0,1,0,6
22500126,OKC,SAC,78.2,77.0,"('Ajay Mitchell', 'Alex Caruso', 'Isaiah Hartenstein', 'Luguentz Dort', 'Shai Gilgeous-Alexander')",0.7666666666666667,4,3,2,1,0,0,1,0,0,0,0,6
22500126,OKC,SAC,77.2,77.2,"('Ajay Mitchell', 'Cason Wallace', 'Jaylin Williams', 'Luguentz Dort', 'Shai Gilgeous-Alexander')",1.6333333333333333,4,4,0,2,0,1,0,0,1,0,1,6
22500126,OKC,SAC,78.4,77.2,"('Aaron Wiggins', 'Alex Caruso', 'Isaiah Hartenstein', 'Luguentz Dort', 'Shai Gilgeous-Alexander')",3.116666666666667,4,8,2,6,4,3,0,0,1,1,2,6
22500126,OKC,SAC,78.4,77.2,"('Aaron Wiggins', 'Ajay Mitchell', 'Alex Caruso', 'Isaiah Hartenstein', 'Shai Gilgeous-Alexander')",0.0,4,0,0,0,0,0,0,0,0,0,0,6
22500126,OKC,SAC,77.6,77.2,"('Ajay Mitchell', 'Alex Caruso', 'Jaylin Williams', 'Luguentz Dort', 'Shai Gilgeous-Alexander')",0.7,4,2,0,0,1,0,0,0,0,1,1,6
22500126,OKC,SAC,79.2,77.2,"('Ajay Mitchell', 'Alex Caruso', 'Branden Carlson', 'Jaylin Williams', 'Shai Gilgeous-Alexander')",3.1333333333333337,3,8,1,4,3,1,0,1,1,1,1,6
22500126,OKC,SAC,77.8,76.6,"('Aaron Wiggins', 'Ajay Mitchell', 'Alex Caruso', 'Jaylin Williams', 'Shai Gilgeous-Alexander')",1.2333333333333334,3,1,2,2,2,0,0,0,0,0,1,6
22500126,OKC,SAC,78.0,76.6,"('Aaron Wiggins', 'Ajay Mitchell', 'Cason Wallace', 'Isaiah Hartenstein', 'Shai Gilgeous-Alexander')",1.1166666666666667,3,0,3,2,2,0,0,0,0,1,0,6
22500126,OKC,SAC,78.0,77.2,"('Aaron Wiggins', 'Cason Wallace', 'Isaiah Hartenstein', 'Luguentz Dort', 'Shai Gilgeous-Alexander')",6.15,3,13,14,6,10,3,4,2,2,3,3,6
22500126,OKC,SAC,78.4,76.6,"('Aaron Wiggins', 'Ajay Mitchell', 'Alex Caruso', 'Isaiah Hartenstein', 'Shai Gilgeous-Alexander')",0.0,3,0,0,0,0,0,0,0,0,0,0,6
22500126,OKC,SAC,79.0,77.2,"('Ajay Mitchell', 'Branden Carlson', 'Chris Youngblood', 'Jaylin Williams', 'Shai Gilgeous-Alexander')",0.3666666666666666,3,0,1,0,1,0,0,0,0,0,0,6
22500126,OKC,SAC,78.8,77.0,"('Alex Caruso', 'Brooks Barnhizer', 'Cason Wallace', 'Isaiah Hartenstein', 'Jaylin Williams')",0.0,2,0,0,0,0,0,0,0,0,0,0,6
22500126,OKC,SAC,77.8,76.8,"('Aaron Wiggins', 'Alex Caruso', 'Jaylin Williams', 'Luguentz Dort', 'Shai Gilgeous-Alexander')",0.7666666666666666,2,4,4,0,0,1,0,0,0,2,1,6
22500126,OKC,SAC,78.0,77.0,"('Brooks Barnhizer', 'Cason Wallace', 'Chris Youngblood', 'Isaiah Hartenstein', 'Shai Gilgeous-Alexander')",2.566666666666667,2,6,7,3,1,2,2,2,0,3,2,6
22500126,OKC,SAC,77.6,77.4,"('Ajay Mitchell', 'Alex Caruso', 'Cason Wallace', 'Isaiah Hartenstein', 'Luguentz Dort')",0.85,4,0,2,0,1,0,0,1,1,1,0,6
22500126,OKC,SAC,77.8,76.6,"('Ajay Mitchell', 'Cason Wallace', 'Isaiah Hartenstein', 'Luguentz Dort', 'Shai Gilgeous-Alexander')",0.0,4,0,0,0,0,0,0,0,0,0,0,6
22500126,OKC,SAC,77.4,77.0,"('Aaron Wiggins', 'Ajay Mitchell', 'Alex Caruso', 'Jaylin Williams', 'Luguentz Dort')",3.65,1,7,4,2,2,2,2,3,3,1,0,6
22500126,OKC,SAC,77.6,77.2,"('Aaron Wiggins', 'Ajay Mitchell', 'Cason Wallace', 'Isaiah Hartenstein', 'Luguentz Dort')",0.0,1,0,0,0,0,0,0,0,0,0,0,6
22500126,OKC,SAC,77.4,77.0,"('Aaron Wiggins', 'Ajay Mitchell', 'Cason Wallace', 'Jaylin Williams', 'Shai Gilgeous-Alexander')",0.0,1,0,0,0,0,0,0,0,0,0,0,6
22500126,OKC,SAC,77.4,77.0,"('Ajay Mitchell', 'Brooks Barnhizer', 'Cason Wallace', 'Jaylin Williams', 'Shai Gilgeous-Alexander')",1.4666666666666668,1,0,7,0,2,0,0,0,0,1,1,6
22500126,OKC,SAC,78.0,77.2,"('Aaron Wiggins', 'Cason Wallace', 'Isaiah Hartenstein', 'Luguentz Dort', 'Shai Gilgeous-Alexander')",5.433333333333334,1,12,16,4,5,1,4,2,2,1,1,6
22500126,OKC,SAC,78.0,76.6,"('Aaron Wiggins', 'Ajay Mitchell', 'Alex Caruso', 'Isaiah Hartenstein', 'Luguentz Dort')",1.4333333333333331,1,5,2,1,1,2,1,1,1,0,0,6
22500126,OKC,SAC,77.4,76.6,"('Aaron Wiggins', 'Ajay Mitchell', 'Alex Caruso', 'Jaylin Williams', 'Luguentz Dort')",1.7166666666666663,2,5,6,0,3,2,1,0,1,0,1,6
22500126,OKC,SAC,77.4,76.8,"('Aaron Wiggins', 'Cason Wallace', 'Jaylin Williams', 'Luguentz Dort', 'Shai Gilgeous-Alexander')",1.3833333333333333,2,5,3,2,0,1,1,1,1,0,0,6
22500126,OKC,SAC,77.4,77.0,"('Ajay Mitchell', 'Alex Caruso', 'Cason Wallace', 'Jaylin Williams', 'Shai Gilgeous-Alexander')",0.0166666666666666,1,0,0,0,0,0,0,0,0,0,0,6
22500126,OKC,SAC,77.8,77.0,"('Aaron Wiggins', 'Ajay Mitchell', 'Alex Caruso', 'Jaylin Williams', 'Shai Gilgeous-Alexander')",0.0,1,0,0,0,0,0,0,0,0,0,0,6
22500126,OKC,SAC,77.4,76.8,"('Ajay Mitchell', 'Alex Caruso', 'Brooks Barnhizer', 'Jaylin Williams', 'Luguentz Dort')",1.1166666666666667,2,3,1,1,1,1,0,0,1,0,1,6
22500126,OKC,SAC,78.0,77.2,"('Aaron Wiggins', 'Cason Wallace', 'Isaiah Hartenstein', 'Luguentz Dort', 'Shai Gilgeous-Alexander')",2.7500000000000004,2,9,7,4,1,2,2,0,0,0,0,6
22500126,OKC,SAC,79.0,77.0,"('Alex Caruso', 'Brooks Barnhizer', 'Isaiah Hartenstein', 'Jaylin Williams', 'Luguentz Dort')",0.0,2,0,0,0,0,0,0,0,0,0,0,6
22500126,OKC,SAC,78.2,77.0,"('Alex Caruso', 'Brooks Barnhizer', 'Cason Wallace', 'Isaiah Hartenstein', 'Shai Gilgeous-Alexander')",1.7,2,2,5,0,3,1,1,0,1,1,0,6
22500140,OKC,WAS,77.8,78.2,"('Aaron Wiggins', 'Ajay Mitchell', 'Alex Caruso', 'Cason Wallace', 'Isaiah Hartenstein')",3.983333333333333,4,9,2,6,3,3,0,2,3,2,4,7
22500140,OKC,WAS,77.6,78.2,"('Ajay Mitchell', 'Alex Caruso', 'Cason Wallace', 'Isaiah Hartenstein', 'Isaiah Joe')",0.0,4,0,0,0,0,0,0,0,0,0,0,7
22500140,OKC,WAS,79.6,79.4,"('Branden Carlson', 'Chris Youngblood', 'Isaiah Joe', 'Jaylin Williams', 'Ousmane Dieng')",3.066666666666667,4,9,6,3,2,2,0,0,0,0,1,7
22500140,OKC,WAS,77.8,79.4,"('Ajay Mitchell', 'Alex Caruso', 'Isaiah Hartenstein', 'Isaiah Joe', 'Luguentz Dort')",1.2666666666666668,4,7,0,1,0,2,0,0,2,0,2,7
22500140,OKC,WAS,77.8,79.0,"('Aaron Wiggins', 'Ajay Mitchell', 'Isaiah Hartenstein', 'Isaiah Joe', 'Luguentz Dort')",1.35,4,5,6,0,0,1,1,0,1,0,1,7
22500140,OKC,WAS,77.2,79.0,"('Aaron Wiggins', 'Ajay Mitchell', 'Isaiah Joe', 'Jaylin Williams', 'Luguentz Dort')",0.0,4,0,0,0,0,0,0,0,0,0,0,7
22500140,OKC,WAS,79.6,79.4,"('Ajay Mitchell', 'Branden Carlson', 'Isaiah Joe', 'Jaylin Williams', 'Ousmane Dieng')",0.6,4,1,4,0,1,0,2,0,0,1,0,7
22500140,OKC,WAS,78.2,80.2,"('Aaron Wiggins', 'Ajay Mitchell', 'Isaiah Joe', 'Jaylin Williams', 'Ousmane Dieng')",1.7333333333333334,4,4,6,2,2,1,2,0,0,1,1,7
22500140,OKC,WAS,77.2,78.4,"('Ajay Mitchell', 'Cason Wallace', 'Jaylin Williams', 'Luguentz Dort', 'Shai Gilgeous-Alexander')",1.5833333333333337,3,7,5,2,2,1,1,0,0,0,2,7
22500140,OKC,WAS,77.6,78.2,"('Ajay Mitchell', 'Alex Caruso', 'Isaiah Joe', 'Jaylin Williams', 'Shai Gilgeous-Alexander')",3.733333333333333,3,9,12,4,5,3,4,0,1,3,0,7
22500140,OKC,WAS,77.4,79.0,"('Ajay Mitchell', 'Isaiah Joe', 'Jaylin Williams', 'Luguentz Dort', 'Shai Gilgeous-Alexander')",1.2666666666666668,3,2,2,1,2,1,1,0,1,0,0,7
22500140,OKC,WAS,78.0,79.0,"('Aaron Wiggins', 'Cason Wallace', 'Isaiah Hartenstein', 'Luguentz Dort', 'Shai Gilgeous-Alexander')",5.416666666666666,3,15,16,2,3,3,4,1,2,1,4,7
22500140,OKC,WAS,77.8,79.0,"('Ajay Mitchell', 'Cason Wallace', 'Isaiah Hartenstein', 'Luguentz Dort', 'Shai Gilgeous-Alexander')",1.1,2,4,3,1,0,1,1,0,1,0,1,7
22500140,OKC,WAS,78.8,79.0,"('Cason Wallace', 'Isaiah Hartenstein', 'Jaylin Williams', 'Luguentz Dort', 'Shai Gilgeous-Alexander')",0.0,3,0,0,0,0,0,0,0,0,0,0,7
22500140,OKC,WAS,77.4,79.4,"('Ajay Mitchell', 'Isaiah Joe', 'Jaylin Williams', 'Luguentz Dort', 'Shai Gilgeous-Alexander')",0.9333333333333332,2,2,6,0,0,1,2,0,0,2,0,7
22500140,OKC,WAS,77.4,78.2,"('Ajay Mitchell', 'Chris Youngblood', 'Isaiah Joe', 'Jaylin Williams', 'Shai Gilgeous-Alexander')",2.683333333333333,1,11,7,3,4,2,1,0,1,3,1,7
22500140,OKC,WAS,77.2,78.8,"('Aaron Wiggins', 'Ajay Mitchell', 'Alex Caruso', 'Cason Wallace', 'Jaylin Williams')",1.6166666666666671,2,1,2,1,4,0,1,1,2,1,0,7
22500140,OKC,WAS,77.0,78.8,"('Ajay Mitchell', 'Alex Caruso', 'Cason Wallace', 'Jaylin Williams', 'Luguentz Dort')",0.0,2,0,0,0,0,0,0,0,0,0,0,7
22500140,OKC,WAS,77.8,78.2,"('Aaron Wiggins', 'Ajay Mitchell', 'Alex Caruso', 'Cason Wallace', 'Isaiah Hartenstein')",4.0666666666666655,2,11,12,2,3,4,2,0,2,0,3,7
22500140,OKC,WAS,76.4,79.4,"('Ajay Mitchell', 'Alex Caruso', 'Cason Wallace', 'Isaiah Joe', 'Shai Gilgeous-Alexander')",0.0833333333333333,2,0,0,0,0,0,0,0,0,0,1,7
22500140,OKC,WAS,77.2,79.4,"('Ajay Mitchell', 'Alex Caruso', 'Isaiah Joe', 'Jaylin Williams', 'Luguentz Dort')",0.8833333333333334,2,2,0,3,1,0,0,0,0,0,0,7
22500140,OKC,WAS,77.8,79.0,"('Cason Wallace', 'Isaiah Hartenstein', 'Isaiah Joe', 'Luguentz Dort', 'Shai Gilgeous-Alexander')",3.316666666666668,2,11,6,1,4,2,1,0,3,0,1,7
22500140,OKC,WAS,78.0,79.0,"('Ajay Mitchell', 'Alex Caruso', 'Cason Wallace', 'Isaiah Hartenstein', 'Shai Gilgeous-Alexander')",0.0,2,0,0,0,0,0,0,0,0,0,0,7
22500140,OKC,WAS,78.0,79.4,"('Ajay Mitchell', 'Isaiah Hartenstein', 'Isaiah Joe', 'Luguentz Dort', 'Shai Gilgeous-Alexander')",0.0,2,0,0,0,0,0,0,0,0,0,0,7
22500140,OKC,WAS,78.0,79.4,"('Aaron Wiggins', 'Cason Wallace', 'Isaiah Hartenstein', 'Luguentz Dort', 'Shai Gilgeous-Alexander')",5.233333333333332,1,6,11,10,8,1,2,2,1,1,2,7
22500140,OKC,WAS,77.2,79.4,"('Cason Wallace', 'Isaiah Joe', 'Jaylin Williams', 'Luguentz Dort', 'Shai Gilgeous-Alexander')",0.0,1,0,0,0,0,0,0,0,0,0,0,7
22500140,OKC,WAS,77.6,78.2,"('Ajay Mitchell', 'Alex Caruso', 'Isaiah Joe', 'Jaylin Williams', 'Shai Gilgeous-Alexander')",0.6166666666666667,1,1,0,1,0,0,0,0,0,0,0,7
22500140,OKC,WAS,77.4,78.6,"('Ajay Mitchell', 'Isaiah Joe', 'Jaylin Williams', 'Luguentz Dort', 'Shai Gilgeous-Alexander')",2.566666666666667,1,5,2,4,5,0,0,0,1,0,1,7
22500140,OKC,WAS,77.4,79.4,"('Aaron Wiggins', 'Cason Wallace', 'Jaylin Williams', 'Luguentz Dort', 'Shai Gilgeous-Alexander')",0.9,1,5,0,0,0,1,0,0,1,0,1,7
22500148,OKC,NOP,78.2,77.8,"('Ajay Mitchell', 'Alex Caruso', 'Branden Carlson', 'Isaiah Joe', 'Shai Gilgeous-Alexander')",2.4833333333333334,3,8,6,3,3,0,1,1,0,1,2,8
22500148,OKC,NOP,76.4,77.8,"('Ajay Mitchell', 'Alex Caruso', 'Cason Wallace', 'Isaiah Joe', 'Shai Gilgeous-Alexander')",0.0666666666666666,3,0,0,0,0,0,0,0,0,0,0,8
22500148,OKC,NOP,79.0,79.0,"('Aaron Wiggins', 'Branden Carlson', 'Cason Wallace', 'Jaylin Williams', 'Shai Gilgeous-Alexander')",2.7833333333333337,1,9,6,1,2,2,2,0,3,0,1,8
22500148,OKC,NOP,77.8,78.2,"('Ajay Mitchell', 'Brooks Barnhizer', 'Chris Youngblood', 'Isaiah Hartenstein', 'Isaiah Joe')",0.0,4,0,0,0,0,0,0,0,0,0,0,8
22500148,OKC,NOP,79.0,77.6,"('Ajay Mitchell', 'Branden Carlson', 'Isaiah Joe', 'Jaylin Williams', 'Shai Gilgeous-Alexander')",1.8833333333333333,3,5,6,3,1,0,0,0,0,0,1,8
22500148,OKC,NOP,78.8,79.2,"('Branden Carlson', 'Cason Wallace', 'Isaiah Joe', 'Jaylin Williams', 'Shai Gilgeous-Alexander')",1.1166666666666667,3,8,2,2,0,1,0,0,0,1,0,8
22500148,OKC,NOP,79.0,79.2,"('Aaron Wiggins', 'Cason Wallace', 'Isaiah Hartenstein', 'Jaylin Williams', 'Shai Gilgeous-Alexander')",6.4499999999999975,3,12,16,5,8,3,4,2,3,3,5,8
22500148,OKC,NOP,77.8,79.4,"('Ajay Mitchell', 'Branden Carlson', 'Brooks Barnhizer', 'Chris Youngblood', 'Isaiah Joe')",6.849999999999998,4,15,16,5,6,5,4,2,1,3,0,8
22500148,OKC,NOP,77.4,78.2,"('Ajay Mitchell', 'Cason Wallace', 'Chris Youngblood', 'Isaiah Hartenstein', 'Isaiah Joe')",0.0,4,0,0,0,0,0,0,0,0,0,0,8
22500148,OKC,NOP,77.6,78.2,"('Aaron Wiggins', 'Ajay Mitchell', 'Cason Wallace', 'Isaiah Hartenstein', 'Isaiah Joe')",5.15,4,14,8,5,4,3,1,1,3,6,2,8
22500148,OKC,NOP,78.8,79.0,"('Cason Wallace', 'Isaiah Hartenstein', 'Isaiah Joe', 'Jaylin Williams', 'Shai Gilgeous-Alexander')",1.4833333333333336,2,2,4,0,2,0,2,1,2,0,1,8
22500148,OKC,NOP,79.0,77.2,"('Aaron Wiggins', 'Ajay Mitchell', 'Alex Caruso', 'Isaiah Hartenstein', 'Ousmane Dieng')",5.0666666666666655,2,15,12,7,1,6,4,2,0,4,1,8
22500148,OKC,NOP,78.4,78.6,"('Ajay Mitchell', 'Cason Wallace', 'Isaiah Hartenstein', 'Isaiah Joe', 'Ousmane Dieng')",0.95,2,0,1,0,2,0,0,0,1,1,1,8
22500148,OKC,NOP,77.2,78.6,"('Ajay Mitchell', 'Cason Wallace', 'Isaiah Joe', 'Jaylin Williams', 'Shai Gilgeous-Alexander')",2.1333333333333333,2,9,8,0,1,2,2,1,0,1,1,8
22500148,OKC,NOP,77.8,78.6,"('Ajay Mitchell', 'Cason Wallace', 'Isaiah Hartenstein', 'Isaiah Joe', 'Shai Gilgeous-Alexander')",0.0,2,0,0,0,0,0,0,0,0,0,0,8
22500148,OKC,NOP,79.0,79.0,"('Aaron Wiggins', 'Cason Wallace', 'Isaiah Hartenstein', 'Jaylin Williams', 'Shai Gilgeous-Alexander')",4.666666666666664,1,18,12,5,3,7,3,0,0,1,2,8
22500148,OKC,NOP,78.0,79.0,"('Aaron Wiggins', 'Branden Carlson', 'Cason Wallace', 'Isaiah Joe', 'Shai Gilgeous-Alexander')",0.0,1,0,0,0,0,0,0,0,0,0,0,8
22500148,OKC,NOP,78.2,77.8,"('Ajay Mitchell', 'Alex Caruso', 'Branden Carlson', 'Isaiah Joe', 'Shai Gilgeous-Alexander')",4.549999999999999,1,12,4,4,3,3,2,1,2,0,2,8
22500148,OKC,NOP,77.8,79.0,"('Ajay Mitchell', 'Branden Carlson', 'Cason Wallace', 'Isaiah Joe', 'Shai Gilgeous-Alexander')",0.0,1,0,0,0,0,0,0,0,0,0,0,8
22500148,OKC,NOP,79.0,79.2,"('Aaron Wiggins', 'Cason Wallace', 'Isaiah Hartenstein', 'Jaylin Williams', 'Shai Gilgeous-Alexander')",1.2499999999999998,2,6,3,1,0,1,1,0,1,1,1,8
22500148,OKC,NOP,78.6,77.2,"('Aaron Wiggins', 'Ajay Mitchell', 'Cason Wallace', 'Isaiah Hartenstein', 'Ousmane Dieng')",0.0,2,0,0,0,0,0,0,0,0,0,0,8
22500148,OKC,NOP,80.4,79.2,"('Branden Carlson', 'Cason Wallace', 'Isaiah Hartenstein', 'Jaylin Williams', 'Shai Gilgeous-Alexander')",0.0,3,0,0,0,0,0,0,0,0,0,0,8
22500148,OKC,NOP,79.2,78.4,"('Aaron Wiggins', 'Ajay Mitchell', 'Isaiah Hartenstein', 'Jaylin Williams', 'Shai Gilgeous-Alexander')",0.7833333333333334,2,3,2,1,2,0,0,0,0,0,2,8
22500148,OKC,NOP,77.6,78.4,"('Aaron Wiggins', 'Ajay Mitchell', 'Isaiah Joe', 'Jaylin Williams', 'Shai Gilgeous-Alexander')",0.3333333333333333,2,1,0,0,0,0,0,0,0,0,0,8
22500170,OKC,LAC,79.8,79.0,"('Aaron Wiggins', 'Branden Carlson', 'Chris Youngblood', 'Jaylin Williams', 'Ousmane Dieng')",3.833333333333333,4,6,10,4,4,1,2,0,0,1,1,9
22500170,OKC,LAC,79.8,79.0,"('Aaron Wiggins', 'Ajay Mitchell', 'Alex Caruso', 'Chet Holmgren', 'Isaiah Hartenstein')",5.416666666666666,4,20,6,6,0,4,2,1,4,3,5,9
22500170,OKC,LAC,78.2,79.6,"('Alex Caruso', 'Cason Wallace', 'Chet Holmgren', 'Isaiah Joe', 'Shai Gilgeous-Alexander')",2.45,2,7,6,1,1,1,2,1,1,1,1,9
22500170,OKC,LAC,79.2,79.4,"('Alex Caruso', 'Cason Wallace', 'Chet Holmgren', 'Jaylin Williams', 'Shai Gilgeous-Alexander')",0.0,1,0,0,0,0,0,0,0,0,0,0,9
22500170,OKC,LAC,77.4,78.4,"('Alex Caruso', 'Cason Wallace', 'Isaiah Joe', 'Jaylin Williams', 'Shai Gilgeous-Alexander')",1.8500000000000003,1,1,6,2,4,0,2,0,0,0,1,9
22500170,OKC,LAC,78.2,79.4,"('Alex Caruso', 'Cason Wallace', 'Chet Holmgren', 'Luguentz Dort', 'Shai Gilgeous-Alexander')",1.3666666666666667,1,4,2,2,1,2,0,0,0,0,0,9
22500170,OKC,LAC,79.6,78.6,"('Cason Wallace', 'Chet Holmgren', 'Isaiah Hartenstein', 'Luguentz Dort', 'Shai Gilgeous-Alexander')",5.650000000000001,1,10,18,5,8,2,5,3,0,5,3,9
22500170,OKC,LAC,78.6,78.0,"('Aaron Wiggins', 'Alex Caruso', 'Chet Holmgren', 'Isaiah Joe', 'Shai Gilgeous-Alexander')",0.9333333333333332,1,3,3,0,1,1,1,0,0,1,0,9
22500170,OKC,LAC,77.8,78.0,"('Aaron Wiggins', 'Alex Caruso', 'Isaiah Joe', 'Jaylin Williams', 'Shai Gilgeous-Alexander')",1.3,1,2,3,1,1,0,1,0,0,1,1,9
22500170,OKC,LAC,77.6,79.0,"('Aaron Wiggins', 'Ajay Mitchell', 'Cason Wallace', 'Isaiah Hartenstein', 'Luguentz Dort')",2.833333333333333,2,6,5,3,4,0,1,1,2,0,2,9
22500170,OKC,LAC,78.4,78.0,"('Aaron Wiggins', 'Ajay Mitchell', 'Chet Holmgren', 'Isaiah Joe', 'Shai Gilgeous-Alexander')",0.8999999999999999,1,3,1,2,1,1,0,0,0,0,0,9
22500170,OKC,LAC,78.2,79.0,"('Aaron Wiggins', 'Ajay Mitchell', 'Chris Youngblood', 'Jaylin Williams', 'Ousmane Dieng')",0.0,4,0,0,0,0,0,0,0,0,0,0,9
22500170,OKC,LAC,78.2,79.4,"('Alex Caruso', 'Cason Wallace', 'Chet Holmgren', 'Isaiah Joe', 'Shai Gilgeous-Alexander')",2.7166666666666672,3,9,3,2,1,1,1,0,1,2,1,9
22500170,OKC,LAC,78.2,79.0,"('Aaron Wiggins', 'Ajay Mitchell', 'Isaiah Joe', 'Jaylin Williams', 'Ousmane Dieng')",1.9166666666666663,4,3,5,1,4,1,1,0,1,3,0,9
22500170,OKC,LAC,79.6,79.0,"('Aaron Wiggins', 'Ajay Mitchell', 'Chet Holmgren', 'Isaiah Hartenstein', 'Isaiah Joe')",0.7999999999999999,4,3,0,2,0,1,0,0,0,0,0,9
22500170,OKC,LAC,79.0,79.0,"('Aaron Wiggins', 'Ajay Mitchell', 'Chet Holmgren', 'Isaiah Joe', 'Jaylin Williams')",0.0333333333333333,4,0,0,0,0,0,0,1,0,0,0,9
22500170,OKC,LAC,77.8,78.0,"('Aaron Wiggins', 'Alex Caruso', 'Isaiah Joe', 'Jaylin Williams', 'Shai Gilgeous-Alexander')",2.816666666666667,3,10,9,3,3,2,2,0,1,1,2,9
22500170,OKC,LAC,79.6,78.6,"('Cason Wallace', 'Chet Holmgren', 'Isaiah Hartenstein', 'Isaiah Joe', 'Shai Gilgeous-Alexander')",1.2333333333333334,3,0,5,0,1,0,2,2,0,0,0,9
22500170,OKC,LAC,79.6,78.6,"('Cason Wallace', 'Chet Holmgren', 'Isaiah Hartenstein', 'Luguentz Dort', 'Shai Gilgeous-Alexander')",3.366666666666666,3,9,8,2,2,1,1,0,3,2,1,9
22500170,OKC,LAC,77.4,79.4,"('Alex Caruso', 'Cason Wallace', 'Isaiah Joe', 'Jaylin Williams', 'Shai Gilgeous-Alexander')",0.8500000000000001,3,4,4,0,1,1,0,0,0,1,0,9
22500170,OKC,LAC,78.0,78.2,"('Ajay Mitchell', 'Cason Wallace', 'Chet Holmgren', 'Isaiah Joe', 'Shai Gilgeous-Alexander')",2.6,2,9,7,1,2,3,1,0,2,0,1,9
22500170,OKC,LAC,77.6,78.0,"('Aaron Wiggins', 'Ajay Mitchell', 'Isaiah Joe', 'Jaylin Williams', 'Shai Gilgeous-Alexander')",1.0166666666666666,3,6,0,1,0,1,0,0,1,0,0,9
22500170,OKC,LAC,77.6,79.0,"('Aaron Wiggins', 'Ajay Mitchell', 'Cason Wallace', 'Isaiah Hartenstein', 'Isaiah Joe')",0.0,2,0,0,0,0,0,0,0,0,0,0,9
22500170,OKC,LAC,78.0,79.6,"('Aaron Wiggins', 'Ajay Mitchell', 'Alex Caruso', 'Isaiah Hartenstein', 'Luguentz Dort')",1.5333333333333332,2,5,4,0,1,2,1,0,0,2,0,9
22500170,OKC,LAC,79.8,79.8,"('Aaron Wiggins', 'Ajay Mitchell', 'Alex Caruso', 'Chet Holmgren', 'Isaiah Hartenstein')",2.583333333333333,2,6,2,2,2,3,1,1,3,0,2,9
22500170,OKC,LAC,77.8,79.0,"('Ajay Mitchell', 'Cason Wallace', 'Isaiah Hartenstein', 'Isaiah Joe', 'Shai Gilgeous-Alexander')",0.0,2,0,0,0,0,0,0,0,0,0,0,9
22500180,OKC,POR,78.6,80.4,"('Aaron Wiggins', 'Ajay Mitchell', 'Cason Wallace', 'Isaiah Hartenstein', 'Jaylin Williams')",0.9833333333333334,2,0,9,1,1,0,2,1,0,0,0,10
22500180,OKC,POR,78.4,78.2,"('Ajay Mitchell', 'Cason Wallace', 'Isaiah Hartenstein', 'Isaiah Joe', 'Jaylin Williams')",0.0,4,0,1,0,0,0,0,0,0,0,0,10
22500180,OKC,POR,78.4,78.2,"('Ajay Mitchell', 'Cason Wallace', 'Isaiah Hartenstein', 'Isaiah Joe', 'Ousmane Dieng')",0.0166666666666666,4,0,1,0,0,0,0,0,0,1,0,10
22500180,OKC,POR,77.6,79.0,"('Aaron Wiggins', 'Ajay Mitchell', 'Cason Wallace', 'Isaiah Hartenstein', 'Isaiah Joe')",0.0,2,0,0,0,0,0,0,0,0,0,0,10
22500180,OKC,POR,79.0,79.2,"('Branden Carlson', 'Brooks Barnhizer', 'Cason Wallace', 'Jaylin Williams', 'Shai Gilgeous-Alexander')",1.0666666666666664,2,1,3,1,2,0,0,0,0,0,1,10
22500180,OKC,POR,80.0,79.0,"('Branden Carlson', 'Isaiah Joe', 'Jaylin Williams', 'Ousmane Dieng', 'Shai Gilgeous-Alexander')",3.083333333333333,2,4,7,5,4,0,2,1,0,1,1,10
22500180,OKC,POR,78.2,79.2,"('Aaron Wiggins', 'Brooks Barnhizer', 'Cason Wallace', 'Isaiah Hartenstein', 'Shai Gilgeous-Alexander')",0.0,2,0,0,0,0,0,0,0,0,0,0,10
22500180,OKC,POR,78.6,79.0,"('Aaron Wiggins', 'Cason Wallace', 'Isaiah Hartenstein', 'Isaiah Joe', 'Jaylin Williams')",0.0166666666666666,2,2,0,0,0,1,0,0,0,0,0,10
22500180,OKC,POR,78.0,79.0,"('Aaron Wiggins', 'Ajay Mitchell', 'Cason Wallace', 'Isaiah Hartenstein', 'Shai Gilgeous-Alexander')",5.883333333333332,2,17,16,6,4,4,4,3,1,7,3,10
22500180,OKC,POR,78.6,79.0,"('Aaron Wiggins', 'Cason Wallace', 'Isaiah Hartenstein', 'Isaiah Joe', 'Ousmane Dieng')",0.5166666666666667,2,0,0,0,1,0,0,0,0,0,0,10
22500180,OKC,POR,78.0,80.0,"('Aaron Wiggins', 'Ajay Mitchell', 'Cason Wallace', 'Isaiah Hartenstein', 'Shai Gilgeous-Alexander')",5.666666666666665,1,21,10,5,5,3,3,1,4,3,3,10
22500180,OKC,POR,80.0,80.0,"('Branden Carlson', 'Isaiah Joe', 'Jaylin Williams', 'Ousmane Dieng', 'Shai Gilgeous-Alexander')",0.9333333333333332,1,1,2,1,2,0,0,0,0,1,1,10
22500180,OKC,POR,78.6,79.0,"('Aaron Wiggins', 'Ajay Mitchell', 'Cason Wallace', 'Isaiah Hartenstein', 'Ousmane Dieng')",1.3,1,4,3,3,1,1,1,1,0,0,1,10
22500180,OKC,POR,79.0,78.6,"('Ajay Mitchell', 'Branden Carlson', 'Isaiah Joe', 'Jaylin Williams', 'Shai Gilgeous-Alexander')",0.0333333333333333,1,0,0,0,0,0,0,0,0,0,0,10
22500180,OKC,POR,78.0,79.0,"('Aaron Wiggins', 'Ajay Mitchell', 'Cason Wallace', 'Jaylin Williams', 'Ousmane Dieng')",0.65,1,4,3,0,0,1,1,0,0,0,0,10
22500180,OKC,POR,78.2,80.0,"('Aaron Wiggins', 'Ajay Mitchell', 'Isaiah Joe', 'Jaylin Williams', 'Ousmane Dieng')",3.416666666666666,1,11,3,5,5,2,0,1,2,1,1,10
22500180,OKC,POR,78.4,80.0,"('Ajay Mitchell', 'Isaiah Joe', 'Jaylin Williams', 'Ousmane Dieng', 'Shai Gilgeous-Alexander')",0.0,1,0,0,0,0,0,0,0,0,0,0,10
22500180,OKC,POR,79.2,79.4,"('Branden Carlson', 'Brooks Barnhizer', 'Isaiah Joe', 'Jaylin Williams', 'Shai Gilgeous-Alexander')",0.4499999999999999,2,0,1,0,1,0,0,0,0,1,0,10
22500180,OKC,POR,79.6,79.2,"('Branden Carlson', 'Brooks Barnhizer', 'Cason Wallace', 'Isaiah Hartenstein', 'Shai Gilgeous-Alexander')",0.0,2,0,0,0,0,0,0,0,0,0,0,10
22500180,OKC,POR,78.8,80.0,"('Cason Wallace', 'Isaiah Hartenstein', 'Isaiah Joe', 'Ousmane Dieng', 'Shai Gilgeous-Alexander')",2.2,3,5,4,5,3,2,1,0,2,0,1,10
22500180,OKC,POR,78.0,79.6,"('Aaron Wiggins', 'Cason Wallace', 'Isaiah Hartenstein', 'Isaiah Joe', 'Shai Gilgeous-Alexander')",3.583333333333334,3,8,9,5,5,2,1,2,2,5,1,10
22500180,OKC,POR,80.0,79.0,"('Isaiah Hartenstein', 'Isaiah Joe', 'Jaylin Williams', 'Ousmane Dieng', 'Shai Gilgeous-Alexander')",0.95,3,1,5,0,1,0,2,0,0,0,0,10
22500180,OKC,POR,79.8,79.2,"('Branden Carlson', 'Cason Wallace', 'Jaylin Williams', 'Ousmane Dieng', 'Shai Gilgeous-Alexander')",0.0,3,0,0,0,0,0,0,0,0,0,0,10
22500180,OKC,POR,78.4,79.0,"('Ajay Mitchell', 'Isaiah Joe', 'Jaylin Williams', 'Ousmane Dieng', 'Shai Gilgeous-Alexander')",0.3,3,1,2,0,0,0,0,0,0,0,2,10
22500180,OKC,POR,78.2,79.2,"('Cason Wallace', 'Isaiah Joe', 'Jaylin Williams', 'Ousmane Dieng', 'Shai Gilgeous-Alexander')",2.3000000000000003,3,5,0,5,1,1,0,0,0,0,1,10
22500180,OKC,POR,80.0,79.0,"('Ajay Mitchell', 'Branden Carlson', 'Jaylin Williams', 'Ousmane Dieng', 'Shai Gilgeous-Alexander')",2.6666666666666665,3,1,4,3,6,0,0,0,0,2,0,10
22500180,OKC,POR,78.8,80.4,"('Cason Wallace', 'Isaiah Hartenstein', 'Isaiah Joe', 'Jaylin Williams', 'Shai Gilgeous-Alexander')",0.0,4,0,0,0,0,0,0,0,0,0,0,10
22500180,OKC,POR,76.4,80.2,"('Aaron Wiggins', 'Ajay Mitchell', 'Cason Wallace', 'Isaiah Joe', 'Shai Gilgeous-Alexander')",0.0,4,0,0,0,0,0,0,0,0,0,0,10
22500180,OKC,POR,77.8,80.4,"('Ajay Mitchell', 'Cason Wallace', 'Isaiah Hartenstein', 'Isaiah Joe', 'Shai Gilgeous-Alexander')",3.9666666666666672,4,15,13,2,3,2,3,1,2,0,4,10
22500180,OKC,POR,78.8,80.0,"('Ajay Mitchell', 'Cason Wallace', 'Isaiah Hartenstein', 'Jaylin Williams', 'Shai Gilgeous-Alexander')",0.6666666666666667,4,0,3,0,0,0,0,0,0,1,0,10
22500180,OKC,POR,79.0,80.0,"('Aaron Wiggins', 'Cason Wallace', 'Isaiah Hartenstein', 'Jaylin Williams', 'Shai Gilgeous-Alexander')",1.4,4,8,3,1,0,2,1,0,0,1,0,10
22500180,OKC,POR,77.6,80.0,"('Aaron Wiggins', 'Ajay Mitchell', 'Cason Wallace', 'Isaiah Hartenstein', 'Isaiah Joe')",1.95,4,4,7,1,1,1,2,1,1,1,3,10
22500180,OKC,POR,78.0,80.0,"('Aaron Wiggins', 'Ajay Mitchell', 'Cason Wallace', 'Isaiah Hartenstein', 'Shai Gilgeous-Alexander')",0.4499999999999999,4,0,3,0,0,0,1,0,0,0,1,10
22500180,OKC,POR,77.2,80.2,"('Ajay Mitchell', 'Cason Wallace', 'Isaiah Joe', 'Jaylin Williams', 'Shai Gilgeous-Alexander')",1.9333333333333336,4,4,6,1,2,1,0,1,0,1,1,10
22500180,OKC,POR,78.6,79.2,"('Aaron Wiggins', 'Ajay Mitchell', 'Cason Wallace', 'Isaiah Hartenstein', 'Ousmane Dieng')",1.6166666666666667,4,2,3,0,1,1,0,1,1,1,0,10
